Transaction_ID,Invoice_Date,SKU_Code,Customer_Code,Units,Gross_Sales_EUR,Discount_EUR,Rebate_EUR
INV148274,2026-09-01,SKU012,C0041,253,5502.51,351.13,40.02
INV148275,2026-09-01,SKU013,C0021,169,6449.5,717.46,302.64
INV148283,2026-09-01,SKU014,C0195,139,8462.53,1112.56,351.94
INV148338,2026-09-01,SKU029,C0172,110,12431.04,1476.64,508.5
INV148354,2026-09-01,SKU010,C0019,22,26745.58,7435.0,446.79
INV148375,2026-09-01,SKU015,C0041,204,7205.3,431.9,76.0
INV148393,2026-09-01,SKU027,C0049,95,1780.31,117.83,19.69
INV148404,2026-09-01,SKU005,C0091,66,2332.28,148.08,28.32
INV148463,2026-09-01,SKU021,C0005,131,7583.52,421.33,91.89
INV148474,2026-09-01,SKU028,C0168,165,14812.07,3148.04,337.83
INV148504,2026-09-01,SKU028,C0006,110,9862.06,568.54,101.4
INV148529,2026-09-01,SKU003,C0070,43,566.56,68.95,28.04
INV148648,2026-09-01,SKU007,C0092,348,15617.02,796.92,150.81
INV148658,2026-09-01,SKU007,C0197,253,11444.36,590.68,118.71
INV148688,2026-09-01,SKU011,C0150,45,184049.94,41828.24,2776.25
INV148740,2026-09-01,SKU014,C0057,273,16795.76,1106.41,161.38
INV148745,2026-09-01,SKU028,C0005,141,12507.27,859.95,140.95
INV148781,2026-09-01,SKU015,C0034,295,10236.74,555.74,118.78
INV148796,2026-09-01,SKU001,C0092,361,5136.81,285.2,53.46
INV148845,2026-09-01,SKU021,C0024,160,9466.0,535.26,101.63
INV148854,2026-09-01,SKU030,C0105,33,4655.72,588.47,181.99
INV148884,2026-09-01,SKU006,C0065,828,27054.77,1749.52,190.81
INV148919,2026-09-01,SKU009,C0176,33,118191.19,29209.13,1882.57
INV148994,2026-09-01,SKU011,C0071,34,140372.97,17191.61,7720.22
INV148996,2026-09-01,SKU001,C0026,163,2257.18,125.16,20.81
INV149003,2026-09-01,SKU027,C0052,134,2417.19,155.75,31.19
INV149064,2026-09-01,SKU014,C0023,106,6342.24,831.96,386.8
INV149132,2026-09-01,SKU004,C0095,34,668.22,77.68,28.98
INV149264,2026-09-01,SKU013,C0153,109,4154.9,514.12,164.11
INV149273,2026-09-01,SKU030,C0132,30,4172.43,239.45,30.45
INV149307,2026-09-01,SKU020,C0140,155,6342.28,429.01,65.49
INV149309,2026-09-01,SKU010,C0020,11,13062.29,1336.04,555.61
INV149316,2026-09-01,SKU028,C0172,55,4827.34,626.5,303.12
INV149331,2026-09-01,SKU014,C0035,239,14589.3,785.01,158.76
INV149348,2026-09-01,SKU029,C0136,35,3958.96,537.82,169.22
INV149360,2026-09-01,SKU025,C0008,360,4317.18,272.39,33.53
INV149367,2026-09-01,SKU018,C0042,134,2068.96,136.32,16.51
INV149377,2026-09-01,SKU012,C0024,411,8992.46,598.35,89.21
INV149407,2026-09-01,SKU004,C0098,26,511.29,35.18,4.18
INV149418,2026-09-01,SKU021,C0016,76,4583.46,285.34,54.87
INV149426,2026-09-01,SKU016,C0122,158,8273.37,562.01,76.43
INV149432,2026-09-01,SKU026,C0147,431,6731.37,358.33,68.89
INV149537,2026-09-01,SKU020,C0002,95,3886.38,481.97,139.06
INV149571,2026-09-01,SKU027,C0040,92,1701.49,97.56,21.04
INV149601,2026-09-01,SKU024,C0148,534,25392.71,1337.75,231.88
INV149623,2026-09-01,SKU005,C0065,82,2851.09,175.78,22.79
INV149670,2026-09-01,SKU020,C0036,231,9571.23,2232.97,217.35
INV149684,2026-09-01,SKU028,C0012,47,4154.6,432.54,152.97
INV149722,2026-09-01,SKU006,C0133,1051,33389.65,1804.11,394.0
INV149735,2026-09-01,SKU028,C0093,79,7212.27,429.99,90.72
INV148281,2026-09-02,SKU026,C0164,330,4947.02,279.19,40.37
INV148329,2026-09-02,SKU027,C0198,330,6185.72,413.22,43.48
INV148346,2026-09-02,SKU008,C0166,50,97909.6,6093.57,1221.84
INV148366,2026-09-02,SKU007,C0164,244,11146.31,605.9,125.3
INV148372,2026-09-02,SKU013,C0164,311,11988.7,813.32,123.88
INV148397,2026-09-02,SKU018,C0025,85,1306.66,69.06,11.25
INV148414,2026-09-02,SKU007,C0123,125,5644.23,312.09,66.86
INV148420,2026-09-02,SKU023,C0148,1004,26268.09,1400.77,298.08
INV148426,2026-09-02,SKU025,C0087,227,2706.54,286.62,134.92
INV148435,2026-09-02,SKU019,C0139,387,10598.37,647.15,97.72
INV148444,2026-09-02,SKU020,C0025,86,3547.11,238.01,37.47
INV148535,2026-09-02,SKU030,C0146,71,10093.74,652.48,117.95
INV148642,2026-09-02,SKU024,C0107,138,6719.48,429.02,58.77
INV148693,2026-09-02,SKU028,C0158,70,6243.26,359.52,55.13
INV148714,2026-09-02,SKU004,C0189,105,2054.24,118.12,16.88
INV148790,2026-09-02,SKU002,C0051,244,5329.05,290.01,49.46
INV148797,2026-09-02,SKU002,C0018,233,5073.62,260.3,39.19
INV148864,2026-09-02,SKU002,C0142,315,6764.81,1906.33,137.47
INV148869,2026-09-02,SKU001,C0090,175,2543.37,299.71,138.46
INV148910,2026-09-02,SKU006,C0027,680,22383.01,1249.88,199.5
INV148956,2026-09-02,SKU028,C0114,75,6792.84,377.59,61.8
INV148961,2026-09-02,SKU030,C0141,90,12968.37,803.86,115.17
INV148969,2026-09-02,SKU017,C0153,210,2015.34,272.68,78.65
INV148976,2026-09-02,SKU025,C0090,272,3239.64,354.87,176.88
INV148992,2026-09-02,SKU021,C0045,77,4515.99,593.85,240.93
INV149069,2026-09-02,SKU005,C0043,72,2485.09,629.34,57.59
INV149078,2026-09-02,SKU025,C0036,502,6045.17,1552.03,138.53
INV149093,2026-09-02,SKU018,C0184,64,1001.78,241.03,25.28
INV149099,2026-09-02,SKU004,C0031,20,388.02,48.59,24.27
INV149109,2026-09-02,SKU003,C0101,42,546.95,34.97,5.88
INV149113,2026-09-02,SKU004,C0012,21,417.9,53.42,25.57
INV149117,2026-09-02,SKU005,C0155,73,2486.94,135.7,20.84
INV149142,2026-09-02,SKU009,C0061,14,49985.12,5134.71,1897.31
INV149157,2026-09-02,SKU029,C0085,88,9823.92,591.43,78.23
INV149194,2026-09-02,SKU024,C0138,57,2776.01,305.62,131.72
INV149202,2026-09-02,SKU030,C0168,80,11438.67,2771.69,173.7
INV149205,2026-09-02,SKU024,C0014,49,2408.53,142.85,29.61
INV149230,2026-09-02,SKU023,C0173,645,17384.67,1169.52,147.27
INV149294,2026-09-02,SKU012,C0147,396,9052.01,488.76,72.0
INV149300,2026-09-02,SKU020,C0094,43,1802.02,185.64,64.47
INV149324,2026-09-02,SKU010,C0164,11,13941.58,901.16,137.28
INV149352,2026-09-02,SKU025,C0147,298,3562.73,235.37,43.76
INV149424,2026-09-02,SKU025,C0151,209,2423.1,287.84,100.47
INV149467,2026-09-02,SKU017,C0062,411,4015.18,460.46,256.14
INV149470,2026-09-02,SKU027,C0111,192,3504.44,476.06,218.18
INV149523,2026-09-02,SKU020,C0186,125,5156.1,573.74,313.15
INV149545,2026-09-02,SKU029,C0093,67,7671.15,403.51,55.54
INV149581,2026-09-02,SKU027,C0037,65,1218.87,124.92,54.51
INV149609,2026-09-02,SKU019,C0150,726,20236.31,4634.45,469.38
INV149635,2026-09-02,SKU003,C0199,72,941.23,58.88,9.32
INV149710,2026-09-02,SKU007,C0187,189,8214.02,954.77,533.67
INV149733,2026-09-02,SKU027,C0051,185,3409.84,190.63,41.5
INV149743,2026-09-02,SKU024,C0181,124,5993.59,368.26,50.49
INV148314,2026-09-03,SKU005,C0138,24,819.29,85.02,30.67
INV148317,2026-09-03,SKU012,C0066,739,16465.55,855.47,122.99
INV148345,2026-09-03,SKU026,C0096,216,3387.82,465.88,197.02
INV148373,2026-09-03,SKU010,C0103,41,51091.57,11593.22,1018.67
INV148394,2026-09-03,SKU016,C0116,418,22410.39,1436.66,190.74
INV148410,2026-09-03,SKU002,C0122,261,5670.23,305.89,48.11
INV148410,2026-09-03,SKU002,C0122,261,5670.23,305.89,48.11
INV148478,2026-09-03,SKU009,C0088,10,36533.79,4390.89,2296.69
INV148480,2026-09-03,SKU023,C0141,217,5692.52,357.09,46.81
INV148655,2026-09-03,SKU030,C0028,107,15250.17,3327.75,313.4
INV148687,2026-09-03,SKU016,C0081,80,4120.94,493.51,158.27
INV148744,2026-09-03,SKU026,C0175,310,4776.7,245.64,56.19
INV148746,2026-09-03,SKU007,C0198,533,24433.43,1647.78,229.72
INV148775,2026-09-03,SKU009,C0103,36,132649.61,37186.49,3411.24
INV148785,2026-09-03,SKU001,C0131,880,12665.27,683.75,151.37
INV148788,2026-09-03,SKU004,C0128,42,813.98,91.75,47.26
INV148805,2026-09-03,SKU011,C0143,15,63323.53,6560.32,3093.8
INV148812,2026-09-03,SKU003,C0149,193,2454.78,163.49,19.34
INV148849,2026-09-03,SKU020,C0111,180,7512.73,1009.9,399.95
INV148851,2026-09-03,SKU007,C0031,74,3383.24,393.24,217.72
INV148878,2026-09-03,SKU029,C0014,35,4037.08,229.97,36.08
INV148891,2026-09-03,SKU013,C0115,365,13896.0,855.03,139.86
INV148914,2026-09-03,SKU005,C0087,35,1209.64,156.3,67.51
INV148917,2026-09-03,SKU004,C0165,22,444.09,27.57,4.52
INV148922,2026-09-03,SKU025,C0106,116,1394.81,90.88,13.94
INV148977,2026-09-03,SKU026,C0025,137,2174.92,143.16,17.95
INV148993,2026-09-03,SKU014,C0139,256,15601.52,940.8,200.61
INV149059,2026-09-03,SKU028,C0053,72,6489.74,1403.46,118.18
INV149075,2026-09-03,SKU003,C0050,56,724.67,37.73,7.51
INV149129,2026-09-03,SKU015,C0064,336,11761.45,694.72,93.18
INV149130,2026-09-03,SKU001,C0081,84,1183.94,146.32,53.93
INV149141,2026-09-03,SKU024,C0186,40,1942.53,206.2,118.61
INV149176,2026-09-03,SKU021,C0142,109,6603.84,1865.74,147.78
INV149199,2026-09-03,SKU025,C0180,305,3605.28,428.79,157.91
INV149214,2026-09-03,SKU009,C0054,13,45359.97,6095.54,2152.8
INV149299,2026-09-03,SKU015,C0138,148,5068.78,539.87,200.02
INV149430,2026-09-03,SKU019,C0105,184,5070.51,586.72,227.25
INV149433,2026-09-03,SKU010,C0078,27,33507.55,7815.25,604.16
INV149543,2026-09-03,SKU030,C0011,49,7116.08,892.51,403.12
INV149549,2026-09-03,SKU022,C0166,454,33873.09,2281.8,343.39
INV149552,2026-09-03,SKU018,C0044,121,1889.2,250.7,93.5
INV149613,2026-09-03,SKU021,C0135,106,6265.62,680.59,291.1
INV149625,2026-09-03,SKU006,C0034,380,12170.45,797.44,153.03
INV149666,2026-09-03,SKU018,C0054,45,688.26,88.71,24.25
INV149752,2026-09-03,SKU015,C0186,129,4591.04,515.01,232.23
INV149776,2026-09-03,SKU009,C0044,18,66375.28,7683.41,2326.39
INV148262,2026-09-04,SKU013,C0179,240,9124.91,1042.91,441.39
INV148306,2026-09-04,SKU024,C0022,100,4829.92,584.65,203.45
INV148324,2026-09-04,SKU006,C0200,643,20563.15,4435.67,292.82
INV148331,2026-09-04,SKU003,C0049,56,730.38,48.31,7.04
INV148334,2026-09-04,SKU025,C0014,228,2680.3,141.68,20.24
INV148335,2026-09-04,SKU007,C0200,681,30275.82,6776.92,586.42
INV148392,2026-09-04,SKU006,C0040,242,7928.79,504.81,73.92
INV148398,2026-09-04,SKU010,C0127,5,5998.32,678.8,324.92
INV148399,2026-09-04,SKU017,C0190,117,1158.79,71.41,14.89
INV148449,2026-09-04,SKU026,C0099,294,4527.66,291.04,50.31
INV148495,2026-09-04,SKU008,C0095,21,41842.62,4751.29,1518.7
INV148521,2026-09-04,SKU024,C0029,38,1848.29,210.53,86.86
INV148542,2026-09-04,SKU004,C0139,37,694.82,47.31,8.34
INV148553,2026-09-04,SKU025,C0026,369,4343.26,242.73,52.69
INV148561,2026-09-04,SKU006,C0059,519,16609.77,900.72,173.37
INV148586,2026-09-04,SKU012,C0018,152,3413.75,199.16,26.03
INV148595,2026-09-04,SKU025,C0158,405,4688.56,290.27,38.31
INV148609,2026-09-04,SKU012,C0042,246,5483.61,301.33,60.51
INV148640,2026-09-04,SKU015,C0175,187,6336.97,391.88,77.61
INV148654,2026-09-04,SKU015,C0199,487,17088.11,980.37,213.18
INV148701,2026-09-04,SKU007,C0086,279,12849.49,2860.22,213.23
INV148726,2026-09-04,SKU022,C0073,81,6115.23,374.38,72.12
INV148734,2026-09-04,SKU022,C0015,127,9600.01,551.77,111.02
INV148741,2026-09-04,SKU012,C0141,314,7048.84,390.3,71.79
INV148773,2026-09-04,SKU010,C0142,21,26320.8,6607.19,372.98
INV148806,2026-09-04,SKU004,C0039,21,401.95,24.57,3.2
INV148817,2026-09-04,SKU023,C0029,204,5455.76,745.0,279.22
INV148881,2026-09-04,SKU017,C0056,490,4689.43,290.98,46.47
INV148885,2026-09-04,SKU020,C0149,611,24996.84,1680.8,178.73
INV148904,2026-09-04,SKU009,C0020,12,45747.81,5347.3,2603.46
INV148932,2026-09-04,SKU023,C0107,100,2659.07,168.17,21.39
INV148946,2026-09-04,SKU014,C0077,281,17130.04,1024.49,158.82
INV148955,2026-09-04,SKU001,C0184,208,2951.0,687.58,43.99
INV148974,2026-09-04,SKU026,C0087,194,3064.8,391.2,148.02
INV148981,2026-09-04,SKU007,C0065,716,32554.61,2082.37,285.03
INV149011,2026-09-04,SKU018,C0160,87,1341.64,184.11,55.18
INV149015,2026-09-04,SKU016,C0197,202,10263.3,531.55,109.93
INV149028,2026-09-04,SKU024,C0150,167,8203.22,2102.33,166.82
INV149040,2026-09-04,SKU009,C0070,11,38906.7,4604.17,1980.25
INV149098,2026-09-04,SKU029,C0027,93,10555.54,592.59,82.33
INV149121,2026-09-04,SKU025,C0099,98,1177.47,80.77,10.82
INV149169,2026-09-04,SKU026,C0098,283,4465.2,262.91,33.83
INV149207,2026-09-04,SKU015,C0049,439,15233.77,905.94,188.61
INV149221,2026-09-04,SKU026,C0091,250,3970.99,270.41,36.65
INV149235,2026-09-04,SKU015,C0089,76,2627.06,322.63,153.62
INV149270,2026-09-04,SKU004,C0014,37,719.62,40.67,8.02
INV149283,2026-09-04,SKU019,C0153,204,5673.77,729.97,256.36
INV149320,2026-09-04,SKU001,C0173,500,6940.37,475.91,76.92
INV149343,2026-09-04,SKU004,C0167,30,593.08,40.76,4.46
INV149412,2026-09-04,SKU023,C0140,102,2800.06,160.15,23.73
INV149446,2026-09-04,SKU028,C0127,40,3602.95,417.01,151.32
INV149457,2026-09-04,SKU030,C0128,61,8752.42,1019.85,551.51
INV149473,2026-09-04,SKU003,C0031,20,265.05,33.12,15.69
INV149474,2026-09-04,SKU009,C0194,8,27669.09,2881.5,1177.52
INV149486,2026-09-04,SKU004,C0036,51,988.69,267.02,15.63
INV149557,2026-09-04,SKU023,C0038,176,4713.35,635.35,296.14
INV149569,2026-09-04,SKU024,C0087,77,3787.28,501.44,216.87
INV149599,2026-09-04,SKU020,C0144,139,5842.89,599.23,233.98
INV149626,2026-09-04,SKU024,C0156,141,6922.57,398.82,75.19
INV149741,2026-09-04,SKU013,C0171,281,10942.07,1403.25,538.17
INV149748,2026-09-04,SKU005,C0045,28,973.81,116.3,46.13
INV149775,2026-09-04,SKU020,C0063,66,2722.8,168.14,29.93
INV149817,2026-09-04,SKU007,C0130,206,9272.34,614.15,111.69
INV148284,2026-09-05,SKU026,C0032,213,3259.52,218.21,27.97
INV148340,2026-09-05,SKU023,C0009,179,4817.46,281.87,52.0
INV148361,2026-09-05,SKU020,C0102,369,15104.71,961.82,152.0
INV148456,2026-09-05,SKU006,C0091,465,15371.29,793.17,127.73
INV148508,2026-09-05,SKU026,C0193,167,2558.67,344.64,164.28
INV148519,2026-09-05,SKU013,C0093,435,16819.07,950.53,125.68
INV148526,2026-09-05,SKU004,C0060,52,1009.46,271.88,15.48
INV148543,2026-09-05,SKU026,C0073,203,3228.37,208.31,23.47
INV148560,2026-09-05,SKU008,C0002,12,23852.22,2780.02,1529.38
INV148601,2026-09-05,SKU002,C0155,398,8751.0,576.93,107.42
INV148644,2026-09-05,SKU025,C0173,598,7329.77,443.86,74.51
INV148653,2026-09-05,SKU004,C0138,42,835.43,97.19,46.35
INV148669,2026-09-05,SKU008,C0142,20,39627.82,9511.4,1002.98
INV148683,2026-09-05,SKU006,C0105,117,3779.54,408.61,144.84
INV148695,2026-09-05,SKU011,C0111,8,32451.59,4287.56,1761.42
INV148718,2026-09-05,SKU026,C0058,1108,17383.97,1010.37,162.22
INV148868,2026-09-05,SKU022,C0050,191,14339.93,945.37,153.98
INV148874,2026-09-05,SKU028,C0083,96,8583.82,581.01,76.94
INV148939,2026-09-05,SKU018,C0092,157,2458.69,166.6,26.9
INV148953,2026-09-05,SKU020,C0118,457,18839.31,1969.55,954.99
INV148968,2026-09-05,SKU005,C0064,39,1376.91,90.02,17.55
INV149008,2026-09-05,SKU026,C0107,381,5962.18,411.24,44.52
INV149046,2026-09-05,SKU001,C0116,320,4501.16,304.88,47.74
INV149112,2026-09-05,SKU013,C0067,164,6178.76,317.04,60.13
INV149175,2026-09-05,SKU013,C0167,164,6320.72,338.81,57.28
INV149211,2026-09-05,SKU001,C0199,358,5045.71,303.02,52.53
INV149216,2026-09-05,SKU029,C0140,36,4156.2,232.72,43.42
INV149228,2026-09-05,SKU028,C0014,37,3296.78,190.75,41.19
INV149256,2026-09-05,SKU024,C0173,218,10756.81,685.39,84.97
INV149268,2026-09-05,SKU005,C0010,62,2180.81,228.42,81.2
INV149281,2026-09-05,SKU004,C0124,34,674.87,40.41,5.31
INV149350,2026-09-05,SKU026,C0070,117,1808.05,198.51,70.11
INV149351,2026-09-05,SKU018,C0081,52,800.66,85.33,34.31
INV149436,2026-09-05,SKU021,C0115,64,3780.17,258.69,31.31
INV149441,2026-09-05,SKU021,C0093,144,8461.89,574.14,60.46
INV149443,2026-09-05,SKU017,C0166,751,7397.02,500.67,87.0
INV149452,2026-09-05,SKU030,C0078,91,12698.94,2751.76,287.61
INV149541,2026-09-05,SKU010,C0143,14,17292.1,2150.88,881.48
INV149568,2026-09-05,SKU030,C0136,16,2192.89,232.74,106.43
INV149584,2026-09-05,SKU017,C0143,341,3350.42,408.43,163.94
INV149587,2026-09-05,SKU021,C0014,54,3232.18,172.22,23.61
INV149620,2026-09-05,SKU023,C0096,154,4105.56,503.11,182.54
INV149701,2026-09-05,SKU030,C0085,72,10131.44,564.11,100.97
INV149829,2026-09-05,SKU022,C0196,240,17823.47,1175.71,175.87
INV148304,2026-09-06,SKU001,C0142,339,4759.75,1302.77,81.51
INV148327,2026-09-06,SKU023,C0030,146,3910.56,432.34,244.36
INV148353,2026-09-06,SKU005,C0182,60,2010.28,124.33,23.36
INV148377,2026-09-06,SKU020,C0006,260,10414.95,689.55,79.68
INV148465,2026-09-06,SKU007,C0192,402,18141.49,4922.52,319.71
INV148531,2026-09-06,SKU017,C0058,508,5063.76,330.72,44.26
INV148539,2026-09-06,SKU025,C0034,267,3246.14,170.63,37.37
INV148568,2026-09-06,SKU013,C0139,316,12224.13,672.62,133.98
INV148580,2026-09-06,SKU002,C0163,274,6087.39,327.59,64.39
INV148582,2026-09-06,SKU001,C0181,395,5665.67,333.89,68.39
INV148612,2026-09-06,SKU024,C0133,119,5796.37,371.1,52.13
INV148670,2026-09-06,SKU016,C0120,93,4836.83,555.59,272.65
INV148700,2026-09-06,SKU028,C0167,23,2069.13,123.68,14.56
INV148708,2026-09-06,SKU001,C0185,67,950.77,112.83,38.53
INV148748,2026-09-06,SKU002,C0065,877,19087.24,1192.3,185.37
INV148774,2026-09-06,SKU015,C0115,341,11697.83,649.26,113.57
INV148779,2026-09-06,SKU023,C0098,188,5110.39,295.92,57.51
INV148801,2026-09-06,SKU021,C0116,112,6724.01,382.36,49.01
INV148825,2026-09-06,SKU011,C0022,17,68024.12,9000.61,3718.11
INV148844,2026-09-06,SKU015,C0188,226,8039.79,542.17,69.52
INV148873,2026-09-06,SKU026,C0148,984,15361.45,943.58,166.72
INV148903,2026-09-06,SKU004,C0049,55,1053.98,72.11,12.22
INV148911,2026-09-06,SKU029,C0079,134,15091.54,1660.9,708.28
INV148933,2026-09-06,SKU005,C0097,19,638.05,70.14,35.75
INV148945,2026-09-06,SKU019,C0081,145,3889.72,454.81,244.37
INV148995,2026-09-06,SKU026,C0180,442,6838.06,889.71,307.34
INV149006,2026-09-06,SKU029,C0053,90,10329.95,2823.84,166.28
INV149018,2026-09-06,SKU006,C0079,624,20287.61,2455.55,790.82
INV149034,2026-09-06,SKU026,C0198,957,14961.53,948.56,176.26
INV149068,2026-09-06,SKU021,C0002,91,5444.93,594.07,232.53
INV149071,2026-09-06,SKU029,C0166,283,32157.24,1816.03,280.8
INV149092,2026-09-06,SKU002,C0054,57,1273.23,162.86,59.9
INV149147,2026-09-06,SKU001,C0025,86,1233.37,82.68,9.7
INV149171,2026-09-06,SKU007,C0056,685,31052.14,1762.69,341.82
INV149178,2026-09-06,SKU007,C0082,554,24750.65,2704.64,1167.04
INV149200,2026-09-06,SKU011,C0193,13,54652.06,5684.46,2454.29
INV149206,2026-09-06,SKU030,C0110,19,2569.69,300.12,134.49
INV149210,2026-09-06,SKU025,C0057,439,5133.19,276.49,55.95
INV149234,2026-09-06,SKU024,C0188,54,2608.52,175.74,23.18
INV149241,2026-09-06,SKU011,C0095,31,127199.9,17481.07,6068.02
INV149259,2026-09-06,SKU028,C0150,183,16082.76,4110.98,245.58
INV149319,2026-09-06,SKU021,C0055,57,3427.4,367.46,132.51
INV149354,2026-09-06,SKU027,C0100,129,2393.05,145.31,23.65
INV149421,2026-09-06,SKU018,C0040,56,869.37,57.28,9.23
INV149444,2026-09-06,SKU003,C0136,22,276.31,36.65,10.38
INV149469,2026-09-06,SKU019,C0064,290,7936.16,410.69,55.98
INV149508,2026-09-06,SKU006,C0191,663,21796.14,1290.51,249.03
INV149510,2026-09-06,SKU010,C0192,35,43377.45,12249.19,643.57
INV149515,2026-09-06,SKU005,C0054,24,832.58,103.61,33.29
INV149555,2026-09-06,SKU030,C0122,79,11163.34,613.04,127.66
INV149611,2026-09-06,SKU004,C0056,135,2713.08,150.91,32.1
INV149734,2026-09-06,SKU027,C0003,86,1596.51,165.6,98.21
INV149749,2026-09-06,SKU030,C0079,130,18321.04,2377.04,710.11
INV149750,2026-09-06,SKU002,C0022,106,2318.61,264.89,133.63
INV149763,2026-09-06,SKU023,C0165,146,3934.14,270.03,42.51
INV149788,2026-09-06,SKU025,C0128,277,3353.77,385.42,201.56
INV149795,2026-09-06,SKU005,C0030,27,904.9,106.81,36.84
INV149800,2026-09-06,SKU025,C0015,290,3385.44,172.76,29.75
INV149828,2026-09-06,SKU022,C0118,265,19981.01,2395.11,940.38
INV148337,2026-09-07,SKU008,C0094,3,6662.61,690.08,253.07
INV148356,2026-09-07,SKU005,C0002,55,1919.82,202.89,113.99
INV148369,2026-09-07,SKU013,C0040,260,10375.23,619.83,93.53
INV148374,2026-09-07,SKU002,C0102,214,4665.99,306.07,52.18
INV148386,2026-09-07,SKU012,C0144,336,7379.89,792.55,421.98
INV148457,2026-09-07,SKU007,C0142,450,20275.94,4757.49,495.65
INV148467,2026-09-07,SKU025,C0193,120,1409.89,175.13,51.96
INV148502,2026-09-07,SKU027,C0015,157,2881.75,164.53,32.28
INV148515,2026-09-07,SKU030,C0140,39,5594.03,291.41,40.8
INV148564,2026-09-07,SKU002,C0126,263,5646.21,1220.56,95.98
INV148576,2026-09-07,SKU016,C0115,226,11725.01,654.82,119.91
INV148608,2026-09-07,SKU014,C0024,199,12099.13,644.26,154.5
INV148626,2026-09-07,SKU013,C0024,239,9217.68,471.43,75.74
INV148629,2026-09-07,SKU016,C0045,135,7183.01,925.47,413.29
INV148666,2026-09-07,SKU023,C0005,366,9606.73,581.26,123.87
INV148735,2026-09-07,SKU024,C0034,152,7342.27,436.89,76.11
INV148764,2026-09-07,SKU029,C0165,54,5968.21,399.11,56.41
INV148766,2026-09-07,SKU014,C0089,135,8071.59,861.72,308.03
INV148769,2026-09-07,SKU019,C0070,144,3969.92,464.34,225.78
INV148787,2026-09-07,SKU030,C0052,59,8644.01,517.76,70.49
INV148816,2026-09-07,SKU004,C0177,10,196.2,22.51,10.02
INV148876,2026-09-07,SKU028,C0035,124,11016.9,702.75,93.67
INV148937,2026-09-07,SKU027,C0108,297,5449.91,287.41,47.39
INV148971,2026-09-07,SKU002,C0026,106,2288.34,135.71,20.53
INV148972,2026-09-07,SKU012,C0191,446,9789.16,545.17,91.32
INV149019,2026-09-07,SKU022,C0154,162,12343.41,1495.63,501.68
INV149030,2026-09-07,SKU016,C0030,103,5273.22,646.75,186.48
INV149043,2026-09-07,SKU023,C0099,86,2362.19,140.2,22.75
INV149050,2026-09-07,SKU025,C0197,204,2482.53,131.24,26.13
INV149091,2026-09-07,SKU011,C0177,6,25828.16,3303.31,1400.4
INV149110,2026-09-07,SKU002,C0200,493,10634.34,2947.67,273.64
INV149127,2026-09-07,SKU019,C0107,297,8306.46,534.71,100.95
INV149149,2026-09-07,SKU025,C0138,138,1677.31,217.0,102.04
INV149162,2026-09-07,SKU013,C0122,348,13227.11,747.33,150.53
INV149168,2026-09-07,SKU017,C0147,369,3623.6,233.88,28.61
INV149173,2026-09-07,SKU003,C0128,55,716.14,90.88,39.81
INV149177,2026-09-07,SKU024,C0006,123,6042.46,402.94,67.22
INV149185,2026-09-07,SKU019,C0108,292,8215.44,550.04,104.56
INV149203,2026-09-07,SKU024,C0054,30,1449.5,194.02,79.94
INV149204,2026-09-07,SKU003,C0094,14,188.41,23.84,10.5
INV149248,2026-09-07,SKU014,C0116,219,13487.05,768.76,141.7
INV149308,2026-09-07,SKU027,C0133,641,11983.7,690.82,151.23
INV149332,2026-09-07,SKU003,C0029,61,799.37,107.91,34.95
INV149333,2026-09-07,SKU015,C0091,348,12379.49,740.32,93.3
INV149381,2026-09-07,SKU022,C0149,522,39934.39,2088.12,285.05
INV149420,2026-09-07,SKU008,C0184,19,37930.76,9796.37,912.28
INV149423,2026-09-07,SKU007,C0089,101,4530.66,481.92,184.02
INV149434,2026-09-07,SKU018,C0185,54,816.79,106.2,42.57
INV149445,2026-09-07,SKU020,C0114,151,6140.76,418.46,66.13
INV149468,2026-09-07,SKU001,C0145,192,2728.52,169.2,28.85
INV149481,2026-09-07,SKU001,C0083,246,3493.42,231.63,44.4
INV149485,2026-09-07,SKU028,C0128,115,10178.85,1288.48,482.74
INV149507,2026-09-07,SKU003,C0011,59,766.2,82.34,26.97
INV149519,2026-09-07,SKU007,C0181,349,15455.37,878.81,161.15
INV149533,2026-09-07,SKU013,C0056,276,10642.96,621.38,93.5
INV149631,2026-09-07,SKU008,C0152,6,11562.63,1380.69,543.7
INV149639,2026-09-07,SKU014,C0010,288,17416.18,2260.41,895.37
INV149643,2026-09-07,SKU003,C0100,38,511.29,33.65,4.51
INV149658,2026-09-07,SKU014,C0171,302,18528.75,2307.2,1020.83
INV149812,2026-09-07,SKU017,C0163,313,3031.52,181.67,25.93
INV148299,2026-09-08,SKU011,C0120,8,35059.15,4780.91,2238.13
INV148359,2026-09-08,SKU015,C0190,75,2624.87,149.12,19.45
INV148360,2026-09-08,SKU006,C0175,595,19078.3,1022.54,189.11
INV148380,2026-09-08,SKU027,C0066,717,12995.8,790.47,120.24
INV148384,2026-09-08,SKU017,C0017,522,5039.3,264.84,54.93
INV148388,2026-09-08,SKU026,C0186,273,4191.64,525.25,231.46
INV148400,2026-09-08,SKU003,C0154,54,711.97,75.22,30.59
INV148424,2026-09-08,SKU021,C0021,76,4600.51,488.81,246.72
INV148523,2026-09-08,SKU029,C0143,71,8039.05,905.41,519.93
INV148546,2026-09-08,SKU019,C0025,190,5342.66,316.57,41.51
INV148548,2026-09-08,SKU027,C0107,195,3622.76,224.24,41.93
INV148552,2026-09-08,SKU007,C0014,164,7395.29,504.72,53.23
INV148578,2026-09-08,SKU017,C0139,555,5547.84,295.74,59.83
INV148587,2026-09-08,SKU015,C0162,121,4171.3,543.25,204.97
INV148603,2026-09-08,SKU030,C0181,109,15471.46,789.88,149.12
INV148607,2026-09-08,SKU019,C0058,774,21294.62,1266.56,229.79
INV148651,2026-09-08,SKU012,C0167,158,3535.85,190.9,26.57
INV148660,2026-09-08,SKU016,C0049,343,18165.82,1001.78,139.77
INV148665,2026-09-08,SKU019,C0030,127,3500.07,420.94,225.96
INV148770,2026-09-08,SKU023,C0041,139,3724.93,218.15,45.67
INV148807,2026-09-08,SKU022,C0100,204,15062.63,977.03,122.04
INV148882,2026-09-08,SKU003,C0034,70,881.5,58.93,6.21
INV148892,2026-09-08,SKU026,C0106,280,4379.34,299.13,41.4
INV148894,2026-09-08,SKU028,C0046,41,3705.94,426.81,234.68
INV148895,2026-09-08,SKU024,C0025,57,2778.09,171.82,34.28
INV148900,2026-09-08,SKU020,C0014,169,6943.54,402.19,83.7
INV148938,2026-09-08,SKU018,C0033,80,1258.22,64.53,9.73
INV148941,2026-09-08,SKU020,C0017,630,26552.46,1757.74,272.41
INV148960,2026-09-08,SKU029,C0125,57,6433.12,428.05,56.11
INV148980,2026-09-08,SKU021,C0058,296,17640.17,1068.25,154.29
INV148988,2026-09-08,SKU016,C0158,255,13135.72,695.75,156.35
INV149004,2026-09-08,SKU027,C0181,225,4146.05,241.46,38.91
INV149007,2026-09-08,SKU002,C0107,138,3052.87,192.32,28.64
INV149012,2026-09-08,SKU015,C0033,146,4980.37,262.13,55.95
INV149017,2026-09-08,SKU026,C0162,184,2819.6,300.16,149.31
INV149025,2026-09-08,SKU029,C0158,174,19667.28,1017.79,150.14
INV149087,2026-09-08,SKU018,C0017,358,5595.2,306.43,52.24
INV149137,2026-09-08,SKU018,C0041,58,890.9,52.97,6.86
INV149153,2026-09-08,SKU008,C0030,9,17979.1,2107.02,918.92
INV149265,2026-09-08,SKU004,C0116,54,1034.23,65.62,11.3
INV149267,2026-09-08,SKU009,C0094,5,18236.23,2272.71,1021.55
INV149269,2026-09-08,SKU025,C0157,336,3813.58,196.01,42.24
INV149290,2026-09-08,SKU018,C0130,72,1121.71,69.95,12.35
INV149295,2026-09-08,SKU010,C0169,8,10309.21,1335.29,507.93
INV149340,2026-09-08,SKU029,C0064,81,9029.96,494.32,73.7
INV149362,2026-09-08,SKU004,C0083,95,1832.56,103.07,19.0
INV149373,2026-09-08,SKU013,C0049,364,13892.78,745.7,150.03
INV149448,2026-09-08,SKU015,C0169,210,7285.5,999.28,429.62
INV149450,2026-09-08,SKU008,C0068,10,19818.33,5594.74,395.8
INV149456,2026-09-08,SKU006,C0140,230,7422.04,413.16,70.6
INV149491,2026-09-08,SKU015,C0028,370,12710.72,3459.74,223.75
INV149496,2026-09-08,SKU017,C0027,254,2449.49,135.01,30.79
INV149521,2026-09-08,SKU017,C0044,568,5618.23,743.06,298.79
INV149531,2026-09-08,SKU023,C0075,187,5134.09,275.49,42.38
INV149534,2026-09-08,SKU004,C0146,53,1033.02,62.63,7.67
INV149538,2026-09-08,SKU017,C0073,172,1679.76,96.56,13.36
INV149577,2026-09-08,SKU025,C0064,222,2601.5,178.03,25.54
INV149614,2026-09-08,SKU028,C0155,142,12696.58,797.78,159.37
INV149633,2026-09-08,SKU021,C0141,84,4909.47,272.44,54.93
INV149644,2026-09-08,SKU014,C0016,150,9243.75,559.25,79.51
INV149699,2026-09-08,SKU025,C0152,78,943.95,111.24,41.66
INV149745,2026-09-08,SKU019,C0066,1511,42283.93,2614.83,522.72
INV149773,2026-09-08,SKU028,C0094,36,3200.05,357.94,156.73
INV149779,2026-09-08,SKU007,C0100,425,18949.19,1205.41,222.37
INV149826,2026-09-08,SKU008,C0185,9,16897.26,1836.96,816.1
INV148261,2026-09-09,SKU006,C0002,353,11579.59,1251.93,469.3
INV148286,2026-09-09,SKU015,C0101,240,8327.25,573.26,103.65
INV148291,2026-09-09,SKU023,C0144,111,2939.5,339.86,121.69
INV148295,2026-09-09,SKU021,C0077,189,11262.27,724.2,143.46
INV148351,2026-09-09,SKU006,C0155,958,31151.5,1938.09,370.93
INV148402,2026-09-09,SKU028,C0011,45,4082.89,499.68,228.88
INV148440,2026-09-09,SKU024,C0032,77,3765.0,215.05,38.25
INV148446,2026-09-09,SKU014,C0146,148,9202.13,585.34,83.46
INV148455,2026-09-09,SKU004,C0166,96,1889.11,105.64,14.82
INV148498,2026-09-09,SKU012,C0020,207,4724.13,640.11,230.15
INV148537,2026-09-09,SKU001,C0055,103,1458.72,192.45,80.93
INV148615,2026-09-09,SKU018,C0030,103,1591.66,174.28,86.63
INV148661,2026-09-09,SKU005,C0029,20,683.21,75.91,25.0
INV148664,2026-09-09,SKU026,C0008,353,5517.66,374.95,53.41
INV148674,2026-09-09,SKU015,C0189,332,11600.82,797.6,143.34
INV148690,2026-09-09,SKU016,C0060,207,11094.31,2931.7,169.56
INV148691,2026-09-09,SKU003,C0008,124,1604.86,100.0,15.81
INV148699,2026-09-09,SKU023,C0073,147,3978.16,236.21,36.81
INV148749,2026-09-09,SKU023,C0025,123,3269.29,203.36,40.75
INV148753,2026-09-09,SKU004,C0063,35,689.35,36.26,5.93
INV148767,2026-09-09,SKU022,C0188,253,18439.4,947.52,236.21
INV148820,2026-09-09,SKU007,C0084,187,8642.71,457.16,80.88
INV148827,2026-09-09,SKU028,C0129,53,4702.16,247.82,36.54
INV148858,2026-09-09,SKU003,C0045,51,658.79,76.96,24.71
INV148860,2026-09-09,SKU012,C0070,264,6047.32,738.81,288.11
INV148862,2026-09-09,SKU021,C0066,339,19795.13,1060.87,167.13
INV148888,2026-09-09,SKU002,C0063,150,3199.0,175.18,25.26
INV148896,2026-09-09,SKU001,C0061,189,2668.31,304.17,107.71
INV148978,2026-09-09,SKU021,C0008,179,10581.17,723.02,93.21
INV148984,2026-09-09,SKU019,C0024,356,10114.03,639.19,118.45
INV149016,2026-09-09,SKU010,C0010,14,16722.55,1776.55,758.4
INV149056,2026-09-09,SKU023,C0150,405,10789.14,2468.21,207.01
INV149060,2026-09-09,SKU011,C0112,13,53279.07,5827.31,3002.05
INV149061,2026-09-09,SKU014,C0181,441,27212.58,1422.18,346.73
INV149065,2026-09-09,SKU022,C0075,186,13675.62,888.21,174.99
INV149095,2026-09-09,SKU019,C0194,75,2110.99,272.66,96.87
INV149143,2026-09-09,SKU029,C0168,143,16009.98,3850.88,374.83
INV149158,2026-09-09,SKU017,C0076,292,2800.1,180.38,29.64
INV149159,2026-09-09,SKU011,C0043,24,97309.34,26251.59,1462.72
INV149217,2026-09-09,SKU026,C0080,139,2203.09,263.67,97.17
INV149226,2026-09-09,SKU027,C0190,65,1230.92,68.45,12.7
INV149253,2026-09-09,SKU001,C0080,89,1310.83,169.35,75.82
INV149286,2026-09-09,SKU028,C0049,55,4839.43,321.4,53.13
INV149296,2026-09-09,SKU023,C0116,188,5133.45,289.23,47.83
INV149383,2026-09-09,SKU029,C0196,110,12417.31,767.16,96.84
INV149405,2026-09-09,SKU007,C0077,608,27560.64,1584.82,264.57
INV149408,2026-09-09,SKU011,C0077,46,188178.72,12954.31,2041.44
INV149524,2026-09-09,SKU002,C0179,342,7479.9,972.16,399.97
INV149547,2026-09-09,SKU003,C0124,52,681.65,36.25,6.9
INV149606,2026-09-09,SKU030,C0130,36,5055.56,317.81,49.89
INV149628,2026-09-09,SKU004,C0199,61,1186.85,63.27,12.18
INV149637,2026-09-09,SKU002,C0070,194,4249.62,492.07,177.15
INV149641,2026-09-09,SKU026,C0199,355,5514.91,363.75,41.42
INV149675,2026-09-09,SKU006,C0049,606,19980.66,1034.3,226.62
INV149712,2026-09-09,SKU023,C0048,171,4541.99,271.98,42.92
INV149727,2026-09-09,SKU026,C0090,449,7114.56,851.73,403.21
INV149737,2026-09-09,SKU003,C0026,40,523.83,28.96,6.47
INV149757,2026-09-09,SKU014,C0161,463,28065.12,3730.46,1668.83
INV149769,2026-09-09,SKU022,C0084,160,11922.32,797.22,104.21
INV149774,2026-09-09,SKU026,C0095,444,6889.93,794.05,320.35
INV149789,2026-09-09,SKU005,C0009,46,1524.59,99.27,11.62
INV149808,2026-09-09,SKU023,C0044,336,9244.88,1130.7,326.29
INV148288,2026-09-10,SKU021,C0125,135,8011.46,488.67,66.03
INV148362,2026-09-10,SKU015,C0007,169,5887.69,336.63,44.5
INV148389,2026-09-10,SKU006,C0056,533,16975.19,1012.95,200.09
INV148421,2026-09-10,SKU013,C0197,139,5411.42,325.61,68.15
INV148436,2026-09-10,SKU023,C0164,172,4463.3,235.08,51.5
INV148441,2026-09-10,SKU006,C0019,811,25919.39,5785.25,419.4
INV148475,2026-09-10,SKU016,C0136,29,1579.49,211.4,85.24
INV148575,2026-09-10,SKU017,C0154,270,2644.65,284.8,125.08
INV148589,2026-09-10,SKU029,C0063,46,5152.66,282.42,40.99
INV148599,2026-09-10,SKU014,C0122,208,12930.65,825.4,127.74
INV148630,2026-09-10,SKU019,C0048,295,8021.65,544.44,67.98
INV148672,2026-09-10,SKU003,C0096,35,451.54,57.19,17.96
INV148703,2026-09-10,SKU019,C0162,253,6959.7,893.17,422.1
INV148724,2026-09-10,SKU026,C0038,187,2863.81,349.96,161.66
INV148737,2026-09-10,SKU015,C0084,365,12856.69,874.39,134.1
INV148772,2026-09-10,SKU029,C0043,72,8321.14,2224.75,180.57
INV148811,2026-09-10,SKU001,C0102,152,2160.5,137.27,23.38
INV148852,2026-09-10,SKU008,C0012,7,14827.9,2022.29,529.68
INV148879,2026-09-10,SKU007,C0195,287,12996.96,1544.73,816.03
INV148940,2026-09-10,SKU028,C0076,62,5544.04,347.16,59.85
INV148943,2026-09-10,SKU028,C0197,51,4691.94,289.33,44.64
INV148950,2026-09-10,SKU002,C0096,85,1805.68,219.53,73.74
INV148959,2026-09-10,SKU007,C0157,200,9050.17,514.44,63.71
INV149023,2026-09-10,SKU028,C0160,30,2758.25,298.29,122.33
INV149027,2026-09-10,SKU021,C0146,142,8267.7,525.68,102.27
INV149042,2026-09-10,SKU011,C0105,5,20233.97,2428.63,1077.43
INV149144,2026-09-10,SKU025,C0074,199,2316.2,156.83,28.94
INV149208,2026-09-10,SKU029,C0133,179,20457.61,1366.83,146.62
INV149238,2026-09-10,SKU017,C0033,285,2721.94,164.46,34.03
INV149301,2026-09-10,SKU018,C0164,106,1639.58,90.01,16.08
INV149322,2026-09-10,SKU029,C0074,70,7861.69,419.27,99.18
INV149341,2026-09-10,SKU020,C0075,214,8918.54,561.09,106.65
INV149398,2026-09-10,SKU030,C0194,15,2168.69,285.03,101.65
INV149487,2026-09-10,SKU012,C0067,166,3624.52,237.69,36.93
INV149513,2026-09-10,SKU007,C0155,552,24086.73,1478.44,223.29
INV149517,2026-09-10,SKU012,C0049,488,10942.28,599.6,118.14
INV149527,2026-09-10,SKU018,C0051,92,1418.58,91.88,14.58
INV149539,2026-09-10,SKU024,C0106,50,2459.17,167.51,26.39
INV149551,2026-09-10,SKU015,C0122,271,9459.13,533.8,112.5
INV149603,2026-09-10,SKU001,C0159,315,4518.91,1234.81,81.72
INV149649,2026-09-10,SKU003,C0075,80,1055.85,68.98,7.75
INV149659,2026-09-10,SKU024,C0197,145,7103.52,373.59,72.51
INV149692,2026-09-10,SKU004,C0051,65,1280.92,83.84,13.9
INV149716,2026-09-10,SKU009,C0186,17,59862.63,7350.2,3847.71
INV149778,2026-09-10,SKU014,C0096,131,8090.19,845.72,445.9
INV149818,2026-09-10,SKU016,C0126,261,13519.11,3027.29,233.09
INV148319,2026-09-11,SKU005,C0092,71,2441.61,166.51,25.77
INV148339,2026-09-11,SKU007,C0033,112,4911.77,277.62,34.41
INV148395,2026-09-11,SKU030,C0156,123,17308.13,1112.53,160.35
INV148477,2026-09-11,SKU019,C0032,258,7247.3,468.75,84.8
INV148509,2026-09-11,SKU019,C0026,133,3699.92,212.01,45.19
INV148545,2026-09-11,SKU007,C0076,399,17707.22,1134.31,189.49
INV148557,2026-09-11,SKU022,C0042,99,7252.19,401.81,60.58
INV148571,2026-09-11,SKU021,C0119,27,1562.9,177.02,55.17
INV148584,2026-09-11,SKU001,C0011,133,1903.07,239.51,118.04
INV148590,2026-09-11,SKU006,C0095,280,9121.97,1085.0,346.55
INV148604,2026-09-11,SKU019,C0122,383,10450.68,646.11,126.94
INV148619,2026-09-11,SKU025,C0023,179,2078.78,256.51,77.37
INV148711,2026-09-11,SKU002,C0111,89,1953.35,267.34,103.88
INV148836,2026-09-11,SKU021,C0166,311,18652.74,1154.77,156.25
INV148840,2026-09-11,SKU001,C0016,129,1806.14,114.0,16.62
INV148871,2026-09-11,SKU026,C0151,319,4947.98,534.09,235.13
INV148901,2026-09-11,SKU027,C0017,384,6854.97,383.65,48.16
INV148923,2026-09-11,SKU025,C0096,120,1432.06,190.52,82.9
INV148944,2026-09-11,SKU025,C0191,274,3280.82,218.81,24.49
INV148998,2026-09-11,SKU009,C0028,29,105317.36,23177.58,2450.57
INV149035,2026-09-11,SKU017,C0184,334,3173.52,797.9,61.55
INV149096,2026-09-11,SKU024,C0136,58,2859.42,388.45,113.11
INV149100,2026-09-11,SKU030,C0183,39,5411.73,341.67,66.43
INV149181,2026-09-11,SKU030,C0083,79,11336.6,712.08,100.85
INV149191,2026-09-11,SKU005,C0133,177,6326.96,387.33,45.47
INV149237,2026-09-11,SKU022,C0077,281,21059.09,1178.59,252.18
INV149251,2026-09-11,SKU028,C0140,22,2030.41,115.88,20.94
INV149261,2026-09-11,SKU013,C0182,264,10237.45,586.39,105.99
INV149277,2026-09-11,SKU023,C0172,285,7583.08,1007.95,436.3
INV149305,2026-09-11,SKU006,C0089,219,7051.77,720.98,442.47
INV149321,2026-09-11,SKU018,C0141,177,2817.01,146.57,22.42
INV149356,2026-09-11,SKU025,C0159,312,3793.81,837.58,70.41
INV149359,2026-09-11,SKU012,C0096,206,4538.4,543.51,203.89
INV149361,2026-09-11,SKU010,C0081,3,4046.89,472.01,194.16
INV149364,2026-09-11,SKU016,C0132,120,6478.06,443.08,61.65
INV149409,2026-09-11,SKU005,C0050,27,953.38,62.59,11.24
INV149422,2026-09-11,SKU024,C0024,112,5487.5,346.81,53.13
INV149431,2026-09-11,SKU011,C0046,6,25457.78,2648.82,956.93
INV149458,2026-09-11,SKU016,C0007,103,5421.38,300.44,65.94
INV149472,2026-09-11,SKU020,C0051,195,8252.75,479.58,81.18
INV149564,2026-09-11,SKU010,C0013,12,14079.35,1530.1,544.61
INV149582,2026-09-11,SKU010,C0170,14,17140.42,1756.52,730.04
INV149591,2026-09-11,SKU025,C0084,291,3506.1,226.59,31.52
INV149629,2026-09-11,SKU004,C0028,54,1058.52,251.54,20.16
INV149668,2026-09-11,SKU023,C0051,240,6347.37,346.84,74.69
INV149689,2026-09-11,SKU012,C0146,234,5165.95,287.14,61.21
INV149705,2026-09-11,SKU014,C0027,154,9387.93,503.85,91.85
INV149707,2026-09-11,SKU014,C0099,143,8761.94,559.99,87.77
INV149711,2026-09-11,SKU023,C0109,168,4545.25,989.58,106.23
INV149739,2026-09-11,SKU010,C0163,13,15829.3,938.27,156.88
INV149783,2026-09-11,SKU029,C0182,87,10013.99,605.46,114.19
INV149794,2026-09-11,SKU004,C0008,44,855.08,58.71,8.98
INV149798,2026-09-11,SKU005,C0147,40,1398.69,88.01,16.69
INV148258,2026-09-12,SKU028,C0056,163,14975.49,913.01,167.14
INV148332,2026-09-12,SKU030,C0160,62,8832.36,1189.58,430.34
INV148418,2026-09-12,SKU005,C0077,108,3787.82,242.84,31.92
INV148425,2026-09-12,SKU009,C0111,6,21613.24,2556.15,1102.61
INV148551,2026-09-12,SKU003,C0108,65,842.14,48.13,9.76
INV148555,2026-09-12,SKU028,C0143,127,11449.81,1400.27,535.25
INV148563,2026-09-12,SKU017,C0060,400,3918.92,930.08,68.81
INV148567,2026-09-12,SKU014,C0062,157,9432.18,1007.28,392.68
INV148577,2026-09-12,SKU029,C0071,48,5366.31,717.99,299.89
INV148628,2026-09-12,SKU030,C0067,23,3260.79,213.35,36.44
INV148631,2026-09-12,SKU016,C0075,157,8170.1,532.93,83.95
INV148638,2026-09-12,SKU006,C0039,304,10016.98,670.01,83.22
INV148639,2026-09-12,SKU023,C0047,205,5397.15,713.4,314.44
INV148681,2026-09-12,SKU022,C0135,207,15246.28,1919.22,961.78
INV148738,2026-09-12,SKU020,C0141,195,8123.27,507.4,64.77
INV148833,2026-09-12,SKU008,C0170,12,25553.53,2804.84,1177.22
INV148906,2026-09-12,SKU005,C0116,30,1061.37,65.71,8.61
INV148913,2026-09-12,SKU028,C0189,84,7493.9,383.87,74.4
INV149029,2026-09-12,SKU029,C0129,73,8290.67,488.85,67.91
INV149048,2026-09-12,SKU011,C0019,39,154442.5,32889.75,3095.5
INV149052,2026-09-12,SKU021,C0065,175,10463.33,674.45,93.24
INV149063,2026-09-12,SKU002,C0132,95,2113.6,110.13,20.72
INV149097,2026-09-12,SKU017,C0022,142,1375.62,184.03,81.43
INV149247,2026-09-12,SKU016,C0139,253,13007.25,837.65,109.15
INV149303,2026-09-12,SKU003,C0032,36,462.74,27.61,3.51
INV149327,2026-09-12,SKU026,C0092,799,12701.56,763.37,103.5
INV149400,2026-09-12,SKU017,C0009,423,4199.82,278.71,29.67
INV149461,2026-09-12,SKU027,C0123,167,3096.46,183.99,24.94
INV149480,2026-09-12,SKU020,C0132,148,6124.04,354.26,78.75
INV149499,2026-09-12,SKU022,C0021,140,10526.97,1258.7,588.06
INV149502,2026-09-12,SKU023,C0034,284,7707.93,509.65,74.53
INV149503,2026-09-12,SKU028,C0133,120,10842.28,660.7,116.78
INV149520,2026-09-12,SKU010,C0091,17,21010.75,1227.56,207.05
INV149526,2026-09-12,SKU003,C0030,41,533.21,72.23,28.36
INV149540,2026-09-12,SKU022,C0094,39,2950.89,370.85,176.24
INV149559,2026-09-12,SKU001,C0077,442,6328.38,347.01,71.21
INV149583,2026-09-12,SKU016,C0025,107,5595.44,289.82,72.13
INV149590,2026-09-12,SKU029,C0062,41,4593.22,485.55,166.41
INV149607,2026-09-12,SKU027,C0116,171,3089.34,194.69,32.0
INV149624,2026-09-12,SKU017,C0075,469,4626.34,313.95,54.46
INV149677,2026-09-12,SKU025,C0067,209,2475.17,140.33,19.3
INV149688,2026-09-12,SKU018,C0115,92,1433.1,74.76,17.38
INV149738,2026-09-12,SKU001,C0137,162,2330.0,302.85,138.48
INV149751,2026-09-12,SKU018,C0133,490,7498.42,448.47,75.33
INV149787,2026-09-12,SKU015,C0057,404,14213.98,766.9,122.99
INV149802,2026-09-12,SKU002,C0159,422,9120.41,2041.67,171.16
INV148277,2026-09-13,SKU027,C0182,226,4130.29,250.86,31.42
INV148330,2026-09-13,SKU006,C0045,224,7214.83,789.24,402.07
INV148506,2026-09-13,SKU025,C0114,86,1041.23,69.18,12.58
INV148524,2026-09-13,SKU018,C0158,204,3106.02,167.97,34.24
INV148547,2026-09-13,SKU028,C0008,51,4511.93,264.3,36.32
INV148647,2026-09-13,SKU005,C0016,29,1021.58,59.29,9.18
INV148656,2026-09-13,SKU004,C0156,113,2183.61,144.63,21.41
INV148694,2026-09-13,SKU028,C0085,104,9215.46,604.95,98.78
INV148712,2026-09-13,SKU007,C0068,208,9565.11,2155.61,148.99
INV148725,2026-09-13,SKU015,C0081,71,2497.61,295.04,157.86
INV148731,2026-09-13,SKU016,C0114,135,7040.27,406.53,78.5
INV148759,2026-09-13,SKU013,C0023,113,4360.41,500.53,199.82
INV148776,2026-09-13,SKU006,C0098,191,6125.69,381.93,47.76
INV148793,2026-09-13,SKU019,C0112,210,5776.57,693.33,280.55
INV148800,2026-09-13,SKU030,C0102,92,13307.16,916.52,143.71
INV148819,2026-09-13,SKU026,C0088,172,2649.6,291.72,123.41
INV148822,2026-09-13,SKU007,C0040,139,6396.1,410.72,62.22
INV148824,2026-09-13,SKU005,C0066,147,5091.57,270.72,55.83
INV148835,2026-09-13,SKU008,C0113,14,27799.22,3807.03,1379.04
INV148837,2026-09-13,SKU010,C0135,26,32072.05,3515.57,1210.05
INV148935,2026-09-13,SKU012,C0063,180,4074.28,223.0,49.28
INV148936,2026-09-13,SKU022,C0067,124,9104.22,519.23,117.96
INV148942,2026-09-13,SKU017,C0107,580,5612.12,370.21,53.7
INV148964,2026-09-13,SKU013,C0002,241,9168.8,967.95,526.91
INV149047,2026-09-13,SKU015,C0005,310,10663.13,697.13,137.73
INV149049,2026-09-13,SKU026,C0190,174,2803.19,154.11,25.89
INV149051,2026-09-13,SKU010,C0186,12,14488.9,1660.43,578.02
INV149101,2026-09-13,SKU021,C0046,31,1783.02,231.95,79.88
INV149108,2026-09-13,SKU015,C0149,1153,40983.4,2473.93,495.11
INV149119,2026-09-13,SKU012,C0001,116,2555.81,313.86,127.38
INV149146,2026-09-13,SKU006,C0075,508,16985.08,1037.85,153.51
INV149170,2026-09-13,SKU027,C0074,138,2538.12,145.62,21.06
INV149187,2026-09-13,SKU005,C0083,59,2033.79,105.36,25.73
INV149190,2026-09-13,SKU013,C0132,293,11165.57,638.25,82.4
INV149232,2026-09-13,SKU001,C0066,781,10989.51,619.68,96.43
INV149317,2026-09-13,SKU005,C0003,18,614.98,72.83,30.32
INV149371,2026-09-13,SKU001,C0064,184,2578.73,171.04,22.41
INV149387,2026-09-13,SKU026,C0116,499,7662.6,421.75,86.71
INV149439,2026-09-13,SKU011,C0089,12,47565.53,6499.77,1752.0
INV149504,2026-09-13,SKU008,C0054,5,9772.47,1231.43,577.53
INV149550,2026-09-13,SKU028,C0149,268,23646.5,1523.77,289.85
INV149554,2026-09-13,SKU022,C0081,63,4658.41,559.27,269.53
INV149556,2026-09-13,SKU002,C0146,128,2805.35,192.98,36.03
INV149586,2026-09-13,SKU023,C0059,107,2774.82,188.76,31.35
INV149653,2026-09-13,SKU019,C0199,312,8616.36,588.38,82.82
INV149657,2026-09-13,SKU015,C0102,215,7658.99,464.16,78.78
INV149664,2026-09-13,SKU002,C0190,111,2405.39,164.4,26.95
INV149680,2026-09-13,SKU009,C0079,29,106822.4,12426.95,4531.45
INV149686,2026-09-13,SKU008,C0154,7,14499.11,1598.12,827.66
INV149714,2026-09-13,SKU010,C0112,7,8936.49,936.02,496.21
INV149715,2026-09-13,SKU026,C0002,222,3412.86,392.53,196.03
INV149742,2026-09-13,SKU013,C0042,183,6999.09,363.77,60.91
INV149780,2026-09-13,SKU018,C0156,273,4199.55,263.27,48.79
INV149791,2026-09-13,SKU013,C0058,589,22782.27,1449.73,296.02
INV149797,2026-09-13,SKU014,C0006,247,14964.5,868.17,178.32
INV149799,2026-09-13,SKU007,C0091,265,11758.28,625.88,121.12
INV149807,2026-09-13,SKU013,C0010,215,8588.84,1076.96,509.4
INV149814,2026-09-13,SKU011,C0053,22,90603.49,22653.82,2226.12
INV149816,2026-09-13,SKU002,C0185,144,3174.85,413.65,199.74
INV148279,2026-09-14,SKU024,C0009,88,4331.76,282.31,37.56
INV148300,2026-09-14,SKU013,C0146,133,5218.54,331.4,44.94
INV148323,2026-09-14,SKU019,C0143,488,13277.48,1724.12,624.66
INV148328,2026-09-14,SKU002,C0009,329,7160.67,426.22,69.39
INV148429,2026-09-14,SKU021,C0026,64,3740.75,250.99,46.39
INV148447,2026-09-14,SKU028,C0187,21,1876.62,239.85,76.03
INV148458,2026-09-14,SKU009,C0069,9,33849.64,3713.82,1745.67
INV148491,2026-09-14,SKU012,C0129,461,10439.15,623.49,120.49
INV148501,2026-09-14,SKU026,C0156,383,5821.15,334.84,59.21
INV148527,2026-09-14,SKU017,C0194,95,935.97,109.58,35.44
INV148550,2026-09-14,SKU021,C0133,360,21197.25,1417.39,184.98
INV148572,2026-09-14,SKU029,C0148,287,33048.11,1776.84,345.46
INV148625,2026-09-14,SKU014,C0070,126,7612.11,813.81,353.69
INV148709,2026-09-14,SKU017,C0101,332,3263.68,190.09,23.21
INV148754,2026-09-14,SKU023,C0188,158,4228.67,247.02,52.08
INV148795,2026-09-14,SKU030,C0016,42,6022.51,367.17,69.77
INV148798,2026-09-14,SKU015,C0100,290,10033.98,600.13,71.55
INV148814,2026-09-14,SKU004,C0144,36,719.79,96.05,43.46
INV148823,2026-09-14,SKU026,C0052,385,5870.95,316.84,45.57
INV148828,2026-09-14,SKU016,C0138,69,3652.21,489.73,176.3
INV148832,2026-09-14,SKU005,C0021,26,914.75,114.1,36.63
INV148839,2026-09-14,SKU026,C0046,139,2202.88,241.06,110.22
INV148842,2026-09-14,SKU013,C0007,194,7620.72,407.15,59.2
INV148889,2026-09-14,SKU005,C0058,91,3131.19,197.63,34.74
INV148908,2026-09-14,SKU026,C0159,621,9816.18,2357.99,156.27
INV148987,2026-09-14,SKU023,C0063,157,4171.43,272.02,36.76
INV149041,2026-09-14,SKU001,C0048,63,901.76,46.26,6.89
INV149079,2026-09-14,SKU030,C0063,43,6035.07,388.93,73.95
INV149082,2026-09-14,SKU016,C0052,150,7877.72,434.65,84.43
INV149115,2026-09-14,SKU001,C0095,216,3097.4,406.41,181.78
INV149140,2026-09-14,SKU027,C0147,333,6087.42,353.82,50.07
INV149156,2026-09-14,SKU010,C0089,10,11838.91,1523.81,437.22
INV149180,2026-09-14,SKU009,C0179,28,103897.35,14212.78,4937.39
INV149224,2026-09-14,SKU007,C0156,171,7607.51,437.59,64.96
INV149225,2026-09-14,SKU016,C0008,190,9816.83,585.64,86.37
INV149231,2026-09-14,SKU012,C0180,255,5709.4,628.37,274.71
INV149257,2026-09-14,SKU017,C0148,1437,14242.28,825.31,178.06
INV149263,2026-09-14,SKU008,C0055,7,13636.87,1442.77,554.56
INV149335,2026-09-14,SKU018,C0166,373,5795.9,330.62,72.16
INV149390,2026-09-14,SKU005,C0039,25,884.26,50.52,6.51
INV149401,2026-09-14,SKU021,C0164,96,5566.64,284.97,69.89
INV149403,2026-09-14,SKU008,C0194,4,8592.88,1098.37,311.48
INV149428,2026-09-14,SKU024,C0059,52,2500.59,128.82,26.46
INV149451,2026-09-14,SKU014,C0142,457,27957.0,7041.19,597.98
INV149488,2026-09-14,SKU029,C0068,50,5632.42,1497.44,85.59
INV149497,2026-09-14,SKU030,C0037,34,4800.52,490.01,278.44
INV149535,2026-09-14,SKU009,C0011,15,53904.63,5754.98,2694.31
INV149536,2026-09-14,SKU005,C0086,93,3171.87,762.69,63.51
INV149565,2026-09-14,SKU012,C0021,230,5161.7,533.23,220.2
INV149570,2026-09-14,SKU004,C0169,19,385.29,47.23,20.67
INV149585,2026-09-14,SKU017,C0141,191,1837.26,113.8,19.68
INV149589,2026-09-14,SKU022,C0165,93,6916.68,408.32,62.09
INV149594,2026-09-14,SKU011,C0135,21,87889.61,11240.27,3819.47
INV149617,2026-09-14,SKU005,C0070,19,668.35,79.47,25.04
INV149651,2026-09-14,SKU005,C0150,93,3228.0,810.56,81.94
INV149697,2026-09-14,SKU012,C0118,820,18767.69,2073.57,1069.38
INV149713,2026-09-14,SKU021,C0044,57,3441.84,469.39,206.82
INV149729,2026-09-14,SKU011,C0117,31,128308.91,29498.14,2604.99
INV149756,2026-09-14,SKU022,C0025,97,7131.95,483.81,77.57
INV149804,2026-09-14,SKU006,C0007,226,7260.73,444.93,79.03
INV149809,2026-09-14,SKU030,C0108,151,21371.1,1425.55,184.62
INV149819,2026-09-14,SKU016,C0145,258,13256.56,855.86,122.37
INV149822,2026-09-14,SKU015,C0075,310,10715.38,606.47,76.88
INV149825,2026-09-14,SKU016,C0058,376,19470.86,1105.64,220.34
INV148296,2026-09-15,SKU022,C0162,70,5129.01,599.16,291.79
INV148352,2026-09-15,SKU011,C0094,9,39142.47,4270.61,1598.41
INV148415,2026-09-15,SKU011,C0186,8,34210.28,3764.4,1310.01
INV148461,2026-09-15,SKU025,C0126,185,2139.6,525.52,39.22
INV148470,2026-09-15,SKU018,C0032,128,1978.85,114.25,19.75
INV148473,2026-09-15,SKU002,C0019,447,9776.28,2646.0,197.66
INV148479,2026-09-15,SKU009,C0177,9,32893.89,3464.28,1576.49
INV148490,2026-09-15,SKU003,C0129,120,1563.22,105.68,18.24
INV148499,2026-09-15,SKU021,C0042,64,3739.78,201.51,33.57
INV148514,2026-09-15,SKU003,C0051,65,842.61,48.97,10.81
INV148538,2026-09-15,SKU028,C0067,57,5136.14,266.07,53.48
INV148617,2026-09-15,SKU012,C0189,455,10522.49,572.73,83.58
INV148662,2026-09-15,SKU029,C0091,77,8867.43,523.45,113.18
INV148671,2026-09-15,SKU014,C0018,81,5023.07,256.81,47.76
INV148697,2026-09-15,SKU027,C0008,206,3743.19,250.82,42.89
INV148704,2026-09-15,SKU018,C0039,48,731.7,48.92,8.49
INV148715,2026-09-15,SKU017,C0028,424,4145.89,1091.57,86.39
INV148721,2026-09-15,SKU004,C0019,52,1012.39,244.79,17.71
INV148728,2026-09-15,SKU013,C0160,160,6162.34,720.71,378.73
INV148757,2026-09-15,SKU026,C0163,685,10640.82,604.59,82.31
INV148799,2026-09-15,SKU019,C0154,287,7963.82,1094.9,489.6
INV148821,2026-09-15,SKU003,C0015,37,473.21,29.46,5.81
INV148834,2026-09-15,SKU007,C0136,125,5627.57,672.42,301.25
INV148857,2026-09-15,SKU010,C0176,12,14587.62,3137.17,319.62
INV148861,2026-09-15,SKU005,C0181,84,2975.75,204.82,30.52
INV148883,2026-09-15,SKU003,C0054,26,328.39,38.51,12.23
INV148897,2026-09-15,SKU001,C0106,97,1385.75,82.32,12.18
INV148947,2026-09-15,SKU019,C0051,395,10766.82,651.41,123.52
INV148951,2026-09-15,SKU009,C0142,48,175274.61,42826.98,3359.66
INV148952,2026-09-15,SKU021,C0108,124,7167.77,483.87,86.48
INV149031,2026-09-15,SKU012,C0116,411,9096.75,601.98,97.6
INV149054,2026-09-15,SKU003,C0098,43,560.64,30.93,7.16
INV149103,2026-09-15,SKU025,C0189,595,7114.54,425.0,87.95
INV149165,2026-09-15,SKU013,C0063,83,3294.16,174.22,39.38
INV149218,2026-09-15,SKU027,C0196,318,5735.12,294.59,71.36
INV149315,2026-09-15,SKU024,C0105,19,927.89,116.54,48.32
INV149330,2026-09-15,SKU029,C0106,39,4350.35,247.35,53.63
INV149368,2026-09-15,SKU003,C0019,75,964.21,242.24,14.21
INV149397,2026-09-15,SKU015,C0123,242,8536.62,520.52,75.49
INV149416,2026-09-15,SKU028,C0037,69,6052.9,660.57,295.96
INV149509,2026-09-15,SKU022,C0186,140,10345.9,1071.79,509.81
INV149511,2026-09-15,SKU008,C0003,8,16557.8,1801.19,610.58
INV149561,2026-09-15,SKU002,C0081,106,2347.32,272.27,105.81
INV149595,2026-09-15,SKU018,C0182,109,1690.69,107.57,21.27
INV149636,2026-09-15,SKU018,C0122,133,2044.14,117.21,25.28
INV149638,2026-09-15,SKU010,C0128,13,16220.79,2181.91,660.81
INV149672,2026-09-15,SKU009,C0184,22,82347.56,20785.32,1565.88
INV149674,2026-09-15,SKU017,C0040,113,1080.47,69.6,8.1
INV149690,2026-09-15,SKU005,C0165,29,977.78,62.64,9.88
INV149718,2026-09-15,SKU018,C0149,221,3440.71,196.72,43.73
INV149755,2026-09-15,SKU015,C0191,285,9725.73,610.09,100.63
INV149764,2026-09-15,SKU025,C0058,374,4453.97,290.63,44.83
INV148313,2026-09-16,SKU022,C0045,98,7160.35,887.17,452.9
INV148342,2026-09-16,SKU002,C0164,168,3680.86,230.79,41.03
INV148381,2026-09-16,SKU023,C0035,185,5106.3,280.9,61.3
INV148406,2026-09-16,SKU019,C0195,674,18722.2,2510.97,991.48
INV148412,2026-09-16,SKU030,C0092,66,9538.5,593.39,76.4
INV148417,2026-09-16,SKU030,C0091,80,11385.53,712.39,133.34
INV148419,2026-09-16,SKU007,C0124,233,10253.73,576.8,130.4
INV148471,2026-09-16,SKU015,C0136,220,7652.52,924.29,393.81
INV148481,2026-09-16,SKU026,C0023,113,1731.68,203.72,96.17
INV148482,2026-09-16,SKU028,C0106,62,5538.18,358.85,59.88
INV148483,2026-09-16,SKU018,C0037,53,803.77,104.79,36.19
INV148511,2026-09-16,SKU016,C0199,171,8799.22,461.45,61.6
INV148520,2026-09-16,SKU001,C0029,312,4414.85,526.26,248.44
INV148533,2026-09-16,SKU023,C0138,224,5977.85,640.48,332.47
INV148559,2026-09-16,SKU013,C0180,770,29511.33,3411.85,1446.17
INV148581,2026-09-16,SKU006,C0057,643,20571.42,1157.91,215.37
INV148633,2026-09-16,SKU029,C0195,63,7123.69,817.24,381.55
INV148646,2026-09-16,SKU018,C0099,105,1631.23,101.35,18.41
INV148692,2026-09-16,SKU005,C0075,46,1586.64,94.88,13.12
INV148716,2026-09-16,SKU015,C0016,173,6103.34,394.87,49.49
INV148761,2026-09-16,SKU011,C0172,27,108793.89,14360.9,4352.47
INV148803,2026-09-16,SKU001,C0070,77,1088.84,146.57,44.69
INV148818,2026-09-16,SKU016,C0010,120,6200.65,723.57,323.73
INV148841,2026-09-16,SKU001,C0013,138,2001.27,268.74,109.43
INV148905,2026-09-16,SKU030,C0096,33,4817.65,499.86,312.99
INV149005,2026-09-16,SKU024,C0070,21,1024.69,124.13,66.07
INV149009,2026-09-16,SKU010,C0012,9,11047.5,1355.02,419.65
INV149036,2026-09-16,SKU001,C0154,178,2476.24,282.14,135.04
INV149070,2026-09-16,SKU021,C0009,93,5321.01,340.82,54.33
INV149086,2026-09-16,SKU001,C0180,226,3228.78,387.66,159.6
INV149114,2026-09-16,SKU025,C0135,459,5439.85,687.17,215.31
INV149128,2026-09-16,SKU026,C0006,406,6249.57,422.47,70.22
INV149138,2026-09-16,SKU005,C0015,31,1083.18,61.45,9.26
INV149172,2026-09-16,SKU025,C0049,261,3112.09,197.48,35.81
INV149227,2026-09-16,SKU019,C0131,757,20935.79,1276.38,227.54
INV149250,2026-09-16,SKU021,C0127,53,3236.89,428.42,118.86
INV149274,2026-09-16,SKU013,C0055,94,3647.99,478.14,196.13
INV149302,2026-09-16,SKU011,C0178,10,39715.29,5308.26,1828.05
INV149314,2026-09-16,SKU007,C0196,422,19042.75,1032.73,216.47
INV149346,2026-09-16,SKU001,C0049,280,4043.8,212.95,31.7
INV149365,2026-09-16,SKU008,C0176,18,35436.6,8304.35,649.7
INV149386,2026-09-16,SKU007,C0193,194,8775.02,1146.29,357.37
INV149413,2026-09-16,SKU017,C0065,1146,11091.22,643.21,87.97
INV149454,2026-09-16,SKU002,C0058,498,10768.79,640.28,103.58
INV149475,2026-09-16,SKU023,C0182,158,4259.58,247.06,51.75
INV149566,2026-09-16,SKU027,C0059,201,3614.83,235.05,35.4
INV149572,2026-09-16,SKU019,C0027,358,9996.75,526.79,82.01
INV149596,2026-09-16,SKU018,C0112,161,2514.21,294.29,130.75
INV149604,2026-09-16,SKU007,C0148,1039,48015.1,3089.35,340.39
INV149605,2026-09-16,SKU012,C0132,149,3285.7,185.92,35.84
INV149608,2026-09-16,SKU006,C0050,243,7905.77,517.01,91.15
INV149646,2026-09-16,SKU005,C0093,62,2167.9,138.41,16.4
INV149665,2026-09-16,SKU012,C0057,891,19983.65,1154.72,168.82
INV149721,2026-09-16,SKU011,C0176,21,84209.55,20152.64,1599.14
INV149801,2026-09-16,SKU003,C0196,113,1453.58,95.18,12.08
INV149806,2026-09-16,SKU001,C0101,290,4216.43,281.26,32.74
INV149823,2026-09-16,SKU030,C0033,33,4689.8,311.57,52.82
INV148263,2026-09-17,SKU023,C0199,228,6082.33,338.29,61.21
INV148312,2026-09-17,SKU004,C0046,14,280.31,35.88,14.55
INV148318,2026-09-17,SKU005,C0107,46,1577.95,86.45,11.75
INV148321,2026-09-17,SKU011,C0091,30,125397.19,7044.28,987.98
INV148322,2026-09-17,SKU025,C0134,560,6768.05,1748.64,118.98
INV148344,2026-09-17,SKU026,C0161,439,6932.01,772.05,315.27
INV148355,2026-09-17,SKU016,C0129,235,12753.74,760.41,134.66
INV148357,2026-09-17,SKU022,C0184,208,15390.21,4343.3,260.34
INV148370,2026-09-17,SKU025,C0075,253,3000.05,198.78,32.3
INV148378,2026-09-17,SKU002,C0008,219,4762.15,272.15,54.81
INV148385,2026-09-17,SKU010,C0178,7,9247.11,1054.13,340.61
INV148403,2026-09-17,SKU028,C0190,12,1030.43,54.89,9.78
INV148407,2026-09-17,SKU011,C0097,10,41285.08,4440.97,2332.62
INV148409,2026-09-17,SKU030,C0175,49,6972.56,443.03,55.72
INV148460,2026-09-17,SKU029,C0174,102,11512.49,755.51,133.49
INV148469,2026-09-17,SKU012,C0196,461,10118.89,587.64,100.41
INV148486,2026-09-17,SKU006,C0129,280,9003.26,560.46,95.48
INV148532,2026-09-17,SKU025,C0107,152,1786.55,117.03,18.38
INV148611,2026-09-17,SKU027,C0064,166,3082.93,182.46,21.77
INV148614,2026-09-17,SKU003,C0137,51,659.87,86.94,39.31
INV148622,2026-09-17,SKU012,C0099,282,6401.92,349.74,69.15
INV148636,2026-09-17,SKU022,C0011,235,17756.85,2377.08,647.54
INV148762,2026-09-17,SKU019,C0028,517,14169.04,3181.67,315.99
INV148782,2026-09-17,SKU005,C0188,45,1536.42,88.56,10.94
INV148786,2026-09-17,SKU007,C0095,440,20030.31,2668.28,1231.78
INV148831,2026-09-17,SKU002,C0112,143,3029.4,387.49,149.88
INV148886,2026-09-17,SKU025,C0095,320,3727.55,388.69,195.14
INV148898,2026-09-17,SKU027,C0159,223,3997.86,1002.51,102.14
INV148948,2026-09-17,SKU004,C0136,12,228.76,27.8,13.53
INV148967,2026-09-17,SKU028,C0163,96,8449.12,528.24,59.93
INV149002,2026-09-17,SKU007,C0152,68,3101.41,400.53,169.24
INV149080,2026-09-17,SKU003,C0195,67,862.98,111.09,44.59
INV149126,2026-09-17,SKU025,C0013,268,3167.89,393.27,121.86
INV149131,2026-09-17,SKU007,C0054,60,2674.97,337.94,167.01
INV149215,2026-09-17,SKU007,C0165,213,9370.7,603.51,96.27
INV149260,2026-09-17,SKU009,C0029,15,54278.77,7244.84,3381.45
INV149280,2026-09-17,SKU014,C0063,191,11902.71,685.2,105.17
INV149311,2026-09-17,SKU002,C0167,99,2149.5,148.27,26.43
INV149338,2026-09-17,SKU010,C0095,25,30762.0,3592.64,1460.76
INV149437,2026-09-17,SKU019,C0149,769,20825.4,1178.63,222.99
INV149460,2026-09-17,SKU027,C0005,356,6547.07,385.62,64.04
INV149525,2026-09-17,SKU016,C0080,61,3176.3,389.46,116.12
INV149575,2026-09-17,SKU019,C0173,375,10565.71,681.05,134.69
INV149576,2026-09-17,SKU018,C0058,232,3614.23,220.28,39.7
INV149588,2026-09-17,SKU011,C0136,6,22234.73,2294.5,1132.19
INV149612,2026-09-17,SKU022,C0056,303,22355.1,1418.15,283.03
INV149632,2026-09-17,SKU011,C0118,21,82787.75,10351.64,4387.18
INV149634,2026-09-17,SKU017,C0134,1600,15600.96,3601.23,219.61
INV149655,2026-09-17,SKU019,C0182,230,6318.78,322.52,63.42
INV149662,2026-09-17,SKU007,C0034,274,12179.14,675.66,126.68
INV149687,2026-09-17,SKU010,C0030,7,9134.03,1211.19,441.46
INV149732,2026-09-17,SKU016,C0101,213,11145.23,726.67,143.59
INV149744,2026-09-17,SKU009,C0185,5,19613.35,2463.31,1171.92
INV148266,2026-09-18,SKU029,C0005,65,7291.8,397.39,81.58
INV148341,2026-09-18,SKU017,C0181,342,3290.54,215.2,37.78
INV148376,2026-09-18,SKU023,C0074,264,7127.64,452.58,81.28
INV148382,2026-09-18,SKU005,C0071,52,1832.21,240.76,112.73
INV148383,2026-09-18,SKU028,C0154,44,3982.89,470.98,213.38
INV148387,2026-09-18,SKU012,C0185,215,4758.52,640.37,259.4
INV148413,2026-09-18,SKU014,C0154,156,9756.65,1290.32,350.85
INV148430,2026-09-18,SKU001,C0171,341,4806.99,589.77,236.44
INV148505,2026-09-18,SKU019,C0196,535,14574.53,819.8,180.63
INV148518,2026-09-18,SKU001,C0122,107,1501.49,102.12,19.08
INV148534,2026-09-18,SKU028,C0016,48,4295.1,260.9,52.22
INV148566,2026-09-18,SKU015,C0074,316,10991.89,585.24,131.61
INV148574,2026-09-18,SKU008,C0043,18,35673.17,9708.03,905.95
INV148618,2026-09-18,SKU015,C0099,228,7978.77,538.63,95.15
INV148698,2026-09-18,SKU011,C0163,11,47906.07,2937.68,400.61
INV148706,2026-09-18,SKU026,C0173,1237,19476.61,1119.95,209.38
INV148723,2026-09-18,SKU026,C0042,139,2144.94,133.61,17.29
INV148730,2026-09-18,SKU026,C0036,343,5267.5,1197.67,91.9
INV148732,2026-09-18,SKU012,C0111,145,3203.78,435.39,149.79
INV148742,2026-09-18,SKU014,C0076,378,23554.06,1465.2,290.35
INV148758,2026-09-18,SKU029,C0123,39,4413.17,233.15,49.56
INV148826,2026-09-18,SKU016,C0167,107,5491.6,358.5,60.96
INV148847,2026-09-18,SKU001,C0197,82,1180.99,72.66,10.36
INV148855,2026-09-18,SKU006,C0086,697,22784.7,4992.26,394.79
INV148872,2026-09-18,SKU030,C0107,29,4150.4,247.49,41.69
INV148877,2026-09-18,SKU029,C0103,130,15014.28,3506.99,268.85
INV148912,2026-09-18,SKU030,C0087,38,5447.76,571.22,264.54
INV148930,2026-09-18,SKU026,C0140,207,3147.7,165.06,35.41
INV148982,2026-09-18,SKU022,C0132,96,7138.56,388.14,70.27
INV148985,2026-09-18,SKU017,C0014,200,1934.17,103.29,16.73
INV149014,2026-09-18,SKU017,C0167,150,1451.39,75.43,14.12
INV149085,2026-09-18,SKU010,C0120,13,15667.68,1752.78,670.44
INV149107,2026-09-18,SKU008,C0087,8,16117.43,2207.67,985.3
INV149120,2026-09-18,SKU016,C0142,553,29036.34,7004.84,630.58
INV149133,2026-09-18,SKU010,C0080,10,12052.13,1503.02,435.97
INV149163,2026-09-18,SKU013,C0174,300,11619.51,612.37,137.36
INV149236,2026-09-18,SKU014,C0041,146,8969.68,470.4,94.5
INV149240,2026-09-18,SKU002,C0178,149,3255.15,370.19,132.2
INV149255,2026-09-18,SKU006,C0165,171,5459.79,312.37,49.92
INV149262,2026-09-18,SKU022,C0147,281,20708.33,1080.17,200.66
INV149275,2026-09-18,SKU008,C0144,17,34641.15,4438.93,1367.9
INV149291,2026-09-18,SKU021,C0140,58,3368.76,225.31,34.76
INV149312,2026-09-18,SKU014,C0085,189,11448.29,635.08,145.77
INV149328,2026-09-18,SKU013,C0154,139,5319.27,627.06,297.77
INV149366,2026-09-18,SKU029,C0187,25,2839.65,324.35,154.92
INV149384,2026-09-18,SKU029,C0154,57,6439.66,850.38,332.44
INV149394,2026-09-18,SKU015,C0042,279,9915.59,623.19,79.4
INV149477,2026-09-18,SKU003,C0095,69,869.47,112.26,50.83
INV149478,2026-09-18,SKU020,C0044,157,6352.08,852.81,306.31
INV149483,2026-09-18,SKU025,C0098,240,2881.64,176.37,30.51
INV149484,2026-09-18,SKU029,C0090,103,11806.06,1500.83,417.86
INV149516,2026-09-18,SKU004,C0155,109,2155.61,122.17,24.32
INV149528,2026-09-18,SKU029,C0098,51,5518.09,329.4,53.04
INV149560,2026-09-18,SKU026,C0029,493,7702.38,866.34,455.75
INV149562,2026-09-18,SKU023,C0174,300,7856.93,537.27,76.04
INV149592,2026-09-18,SKU024,C0044,87,4364.69,462.77,196.37
INV149610,2026-09-18,SKU020,C0045,98,4104.78,476.13,160.91
INV149650,2026-09-18,SKU006,C0094,171,5614.12,633.42,222.93
INV149702,2026-09-18,SKU018,C0072,59,904.22,104.36,40.03
INV149723,2026-09-18,SKU019,C0189,188,5135.35,348.56,63.8
INV149771,2026-09-18,SKU024,C0013,57,2833.64,382.69,151.6
INV149777,2026-09-18,SKU005,C0038,62,2170.89,298.81,115.28
INV149782,2026-09-18,SKU030,C0114,38,5487.27,302.34,41.89
INV148264,2026-09-19,SKU028,C0125,90,8055.08,529.17,66.53
INV148282,2026-09-19,SKU030,C0189,75,10699.5,637.35,120.42
INV148364,2026-09-19,SKU023,C0106,110,2938.96,166.33,22.4
INV148365,2026-09-19,SKU006,C0035,527,17089.19,973.22,162.87
INV148423,2026-09-19,SKU013,C0131,433,16565.33,946.3,121.14
INV148427,2026-09-19,SKU030,C0165,28,3970.94,238.68,31.97
INV148450,2026-09-19,SKU020,C0040,184,7659.86,521.8,80.44
INV148452,2026-09-19,SKU001,C0179,159,2311.82,306.36,130.96
INV148476,2026-09-19,SKU028,C0027,130,11424.74,619.1,146.72
INV148510,2026-09-19,SKU019,C0134,1807,50218.45,12704.56,936.76
INV148513,2026-09-19,SKU007,C0190,91,4056.03,221.41,43.43
INV148556,2026-09-19,SKU006,C0092,872,28354.91,1449.52,366.41
INV148565,2026-09-19,SKU026,C0135,562,8834.33,1176.83,310.99
INV148591,2026-09-19,SKU030,C0034,76,10919.3,580.77,90.37
INV148610,2026-09-19,SKU027,C0093,276,5072.59,316.88,47.4
INV148677,2026-09-19,SKU005,C0144,44,1503.71,170.37,59.81
INV148678,2026-09-19,SKU005,C0049,85,2909.91,171.49,23.34
INV148710,2026-09-19,SKU029,C0127,29,3201.1,415.78,175.97
INV148717,2026-09-19,SKU028,C0103,195,17431.38,4855.03,431.88
INV148739,2026-09-19,SKU016,C0086,260,13491.71,3455.9,230.36
INV148777,2026-09-19,SKU028,C0116,76,6800.72,421.5,72.58
INV148783,2026-09-19,SKU025,C0162,144,1736.15,237.04,79.96
INV148815,2026-09-19,SKU029,C0173,209,22962.56,1400.88,284.77
INV148856,2026-09-19,SKU006,C0161,444,14475.08,1602.7,611.9
INV148924,2026-09-19,SKU001,C0147,234,3341.64,201.56,40.94
INV148926,2026-09-19,SKU018,C0162,77,1181.69,156.94,64.94
INV148962,2026-09-19,SKU030,C0106,70,10395.99,644.66,93.6
INV148966,2026-09-19,SKU004,C0127,48,946.7,128.88,36.65
INV149033,2026-09-19,SKU021,C0056,235,13741.3,745.43,144.14
INV149038,2026-09-19,SKU006,C0168,1256,39896.76,9562.79,594.38
INV149058,2026-09-19,SKU013,C0099,259,10158.34,684.35,120.53
INV149066,2026-09-19,SKU018,C0181,127,1971.16,112.16,21.43
INV149084,2026-09-19,SKU024,C0190,32,1574.4,108.4,17.05
INV149090,2026-09-19,SKU028,C0166,153,13783.31,729.63,161.53
INV149122,2026-09-19,SKU002,C0074,242,5206.8,289.75,41.49
INV149135,2026-09-19,SKU012,C0023,251,5654.2,752.5,276.91
INV149164,2026-09-19,SKU006,C0093,784,25301.15,1643.22,234.73
INV149193,2026-09-19,SKU002,C0085,336,7439.11,502.38,58.56
INV149222,2026-09-19,SKU015,C0154,375,13250.63,1816.09,775.44
INV149289,2026-09-19,SKU022,C0140,220,16043.66,929.19,113.71
INV149293,2026-09-19,SKU010,C0077,22,26186.78,1726.88,289.21
INV149298,2026-09-19,SKU015,C0141,362,12698.11,861.16,147.76
INV149344,2026-09-19,SKU003,C0064,95,1210.51,82.34,12.89
INV149399,2026-09-19,SKU021,C0094,18,1069.52,111.29,47.52
INV149438,2026-09-19,SKU006,C0197,325,10666.16,628.01,124.74
INV149465,2026-09-19,SKU008,C0171,16,31811.93,4146.6,2043.51
INV149518,2026-09-19,SKU004,C0186,24,471.9,58.96,21.48
INV149542,2026-09-19,SKU027,C0033,111,2050.21,110.02,16.89
INV149544,2026-09-19,SKU006,C0012,129,4224.68,510.98,270.57
INV149558,2026-09-19,SKU026,C0130,197,3107.28,206.8,24.48
INV149619,2026-09-19,SKU026,C0196,476,7273.08,453.69,57.96
INV149627,2026-09-19,SKU003,C0121,55,708.63,41.66,7.97
INV149630,2026-09-19,SKU017,C0081,80,792.91,103.22,29.13
INV149645,2026-09-19,SKU028,C0153,22,1945.53,246.4,116.6
INV149647,2026-09-19,SKU017,C0131,1772,17107.42,999.72,198.64
INV149681,2026-09-19,SKU007,C0199,359,16308.79,1110.65,158.45
INV149720,2026-09-19,SKU019,C0085,399,11016.21,664.52,83.36
INV149746,2026-09-19,SKU030,C0071,64,8904.25,1218.78,578.26
INV149747,2026-09-19,SKU001,C0006,261,3820.58,237.0,41.15
INV149753,2026-09-19,SKU019,C0049,575,15632.4,854.16,175.36
INV149790,2026-09-19,SKU007,C0144,263,11571.49,1517.02,573.06
INV149792,2026-09-19,SKU027,C0125,240,4491.13,245.83,43.45
INV149803,2026-09-19,SKU004,C0125,74,1431.24,86.36,13.83
INV149805,2026-09-19,SKU017,C0162,207,2009.66,267.67,94.29
INV149810,2026-09-19,SKU030,C0150,145,20703.24,5432.63,301.11
INV149815,2026-09-19,SKU002,C0061,160,3450.15,432.94,208.71
INV149827,2026-09-19,SKU027,C0023,83,1542.19,196.81,87.6
INV148293,2026-09-20,SKU001,C0014,159,2302.28,120.23,20.63
INV148311,2026-09-20,SKU002,C0181,419,9047.43,551.07,110.8
INV148336,2026-09-20,SKU005,C0051,37,1249.95,66.76,12.08
INV148433,2026-09-20,SKU019,C0106,185,5075.79,286.85,43.78
INV148434,2026-09-20,SKU028,C0073,57,5217.05,275.59,53.29
INV148492,2026-09-20,SKU018,C0024,73,1117.46,73.64,13.85
INV148494,2026-09-20,SKU019,C0057,494,13906.48,755.74,142.78
INV148541,2026-09-20,SKU028,C0173,175,15667.35,873.12,155.24
INV148579,2026-09-20,SKU019,C0120,191,5311.04,544.28,224.66
INV148606,2026-09-20,SKU001,C0098,99,1419.23,85.89,16.3
INV148632,2026-09-20,SKU021,C0121,64,3851.87,238.3,46.17
INV148637,2026-09-20,SKU025,C0146,216,2598.49,169.85,31.04
INV148676,2026-09-20,SKU024,C0049,89,4303.55,284.08,35.8
INV148679,2026-09-20,SKU028,C0121,33,2892.35,188.43,20.49
INV148680,2026-09-20,SKU004,C0043,107,2087.19,543.81,42.82
INV148682,2026-09-20,SKU008,C0096,9,18181.25,2337.63,940.81
INV148686,2026-09-20,SKU012,C0199,497,10951.81,658.54,81.9
INV148736,2026-09-20,SKU028,C0198,158,14437.91,747.5,115.14
INV148830,2026-09-20,SKU030,C0049,105,14857.16,825.02,190.07
INV148875,2026-09-20,SKU027,C0156,188,3426.13,222.31,39.26
INV148899,2026-09-20,SKU028,C0132,42,3714.61,190.98,46.49
INV148915,2026-09-20,SKU024,C0040,77,3694.56,216.22,30.33
INV148920,2026-09-20,SKU007,C0051,208,9492.43,615.63,69.01
INV148929,2026-09-20,SKU015,C0071,287,9631.74,1222.78,455.95
INV148934,2026-09-20,SKU024,C0121,63,3178.59,195.06,32.52
INV148973,2026-09-20,SKU016,C0124,184,9879.63,667.19,75.25
INV149032,2026-09-20,SKU029,C0141,97,11061.25,734.05,94.63
INV149037,2026-09-20,SKU027,C0016,129,2367.47,141.6,19.3
INV149039,2026-09-20,SKU013,C0005,387,15293.36,977.25,112.63
INV149044,2026-09-20,SKU022,C0164,210,16064.03,1009.44,173.14
INV149062,2026-09-20,SKU004,C0182,45,894.47,51.04,10.04
INV149088,2026-09-20,SKU027,C0164,201,3626.59,212.15,33.82
INV149105,2026-09-20,SKU019,C0181,363,9931.63,528.87,85.69
INV149154,2026-09-20,SKU012,C0055,215,4949.36,592.63,262.79
INV149174,2026-09-20,SKU005,C0179,35,1202.3,132.77,51.68
INV149179,2026-09-20,SKU018,C0010,170,2632.14,347.91,92.94
INV149192,2026-09-20,SKU009,C0138,16,56023.52,6629.81,2627.16
INV149195,2026-09-20,SKU020,C0050,199,8308.27,443.04,102.45
INV149209,2026-09-20,SKU005,C0169,17,602.71,65.69,36.69
INV149213,2026-09-20,SKU027,C0013,124,2289.29,295.34,117.36
INV149242,2026-09-20,SKU026,C0030,143,2227.31,232.18,126.77
INV149245,2026-09-20,SKU010,C0162,11,13656.72,1713.99,526.54
INV149287,2026-09-20,SKU007,C0067,113,5142.87,333.86,43.44
INV149313,2026-09-20,SKU007,C0110,69,3085.35,407.28,189.28
INV149334,2026-09-20,SKU005,C0136,16,567.33,58.26,32.75
INV149357,2026-09-20,SKU008,C0172,14,27428.08,3567.08,1237.05
INV149379,2026-09-20,SKU007,C0057,340,15468.53,840.54,113.74
INV149419,2026-09-20,SKU024,C0048,33,1613.1,82.39,16.07
INV149482,2026-09-20,SKU016,C0179,131,6971.3,814.3,275.12
INV149506,2026-09-20,SKU025,C0009,401,4636.95,240.03,32.81
INV149512,2026-09-20,SKU001,C0065,495,7042.43,382.77,56.65
INV149522,2026-09-20,SKU002,C0014,111,2494.11,136.71,27.84
INV149621,2026-09-20,SKU024,C0002,133,6458.68,659.48,311.93
INV149695,2026-09-20,SKU016,C0028,336,17295.4,3921.46,282.05
INV149698,2026-09-20,SKU003,C0138,43,549.71,71.0,23.31
INV149703,2026-09-20,SKU006,C0158,1224,39695.94,2227.85,436.16
INV149813,2026-09-20,SKU026,C0089,141,2125.01,226.75,92.34
INV148267,2026-09-21,SKU017,C0175,347,3445.62,211.27,34.97
INV148272,2026-09-21,SKU011,C0011,22,90061.43,12277.56,5142.44
INV148278,2026-09-21,SKU023,C0081,72,1905.42,253.59,97.21
INV148297,2026-09-21,SKU030,C0043,100,13764.08,3509.75,230.99
INV148320,2026-09-21,SKU017,C0039,102,1014.88,57.28,8.38
INV148348,2026-09-21,SKU003,C0186,32,413.9,48.77,24.32
INV148368,2026-09-21,SKU021,C0067,76,4479.04,283.93,35.13
INV148371,2026-09-21,SKU013,C0189,212,8255.06,565.87,77.09
INV148391,2026-09-21,SKU005,C0159,70,2485.44,687.65,42.67
INV148431,2026-09-21,SKU018,C0120,55,843.96,105.72,49.2
INV148443,2026-09-21,SKU018,C0069,84,1305.42,146.65,48.78
INV148451,2026-09-21,SKU016,C0104,51,2656.51,308.56,122.43
INV148485,2026-09-21,SKU015,C0013,165,5614.96,588.43,364.8
INV148489,2026-09-21,SKU025,C0179,150,1761.27,200.95,89.86
INV148516,2026-09-21,SKU004,C0181,65,1282.85,79.56,11.06
INV148528,2026-09-21,SKU003,C0159,94,1200.9,276.92,19.87
INV148588,2026-09-21,SKU022,C0180,303,22452.06,2736.91,1185.03
INV148600,2026-09-21,SKU009,C0068,17,62484.17,16598.08,953.46
INV148663,2026-09-21,SKU004,C0032,18,340.58,19.53,2.77
INV148684,2026-09-21,SKU023,C0124,132,3481.27,229.82,31.64
INV148689,2026-09-21,SKU026,C0108,526,8161.64,445.08,78.13
INV148707,2026-09-21,SKU004,C0198,65,1271.48,71.88,12.36
INV148750,2026-09-21,SKU030,C0131,238,33257.95,1790.02,340.53
INV148789,2026-09-21,SKU017,C0124,407,3979.32,273.04,49.12
INV148808,2026-09-21,SKU028,C0043,78,7034.32,1583.94,117.55
INV148829,2026-09-21,SKU006,C0173,864,28178.72,1880.64,205.06
INV148829,2026-09-21,SKU006,C0173,864,28178.72,1880.64,205.06
INV148870,2026-09-21,SKU027,C0144,122,2247.85,286.5,98.09
INV148907,2026-09-21,SKU011,C0068,12,49081.4,13195.49,1260.51
INV148975,2026-09-21,SKU014,C0191,253,15715.92,883.02,150.95
INV148990,2026-09-21,SKU002,C0005,259,5640.25,326.04,43.15
INV149055,2026-09-21,SKU002,C0110,129,2853.44,362.41,117.64
INV149083,2026-09-21,SKU028,C0156,153,13901.07,860.62,118.31
INV149089,2026-09-21,SKU005,C0025,26,920.38,55.82,10.43
INV149134,2026-09-21,SKU007,C0016,244,10944.6,713.45,90.93
INV149148,2026-09-21,SKU023,C0186,167,4524.41,574.97,187.78
INV149151,2026-09-21,SKU010,C0179,13,16542.1,1932.67,1063.72
INV149155,2026-09-21,SKU029,C0006,103,11741.12,748.47,139.56
INV149166,2026-09-21,SKU011,C0126,13,54134.2,13725.24,1057.03
INV149249,2026-09-21,SKU024,C0155,173,8404.7,501.02,72.48
INV149278,2026-09-21,SKU013,C0199,173,6809.58,440.99,85.08
INV149297,2026-09-21,SKU027,C0080,80,1430.73,158.6,70.45
INV149323,2026-09-21,SKU001,C0158,272,3813.59,238.13,31.18
INV149329,2026-09-21,SKU012,C0115,183,3951.6,250.61,32.36
INV149347,2026-09-21,SKU016,C0162,62,3227.72,367.0,202.69
INV149349,2026-09-21,SKU027,C0130,93,1771.45,93.05,22.07
INV149363,2026-09-21,SKU003,C0097,26,326.35,42.47,14.06
INV149370,2026-09-21,SKU006,C0100,353,11482.84,682.86,122.83
INV149378,2026-09-21,SKU004,C0007,32,634.56,39.12,4.48
INV149402,2026-09-21,SKU016,C0113,350,18497.75,2073.99,1012.23
INV149414,2026-09-21,SKU024,C0198,129,6357.08,389.3,81.23
INV149449,2026-09-21,SKU017,C0004,98,951.09,113.11,47.75
INV149600,2026-09-21,SKU025,C0199,235,2851.36,190.91,22.78
INV149654,2026-09-21,SKU007,C0126,223,9968.61,2162.53,176.1
INV149673,2026-09-21,SKU022,C0052,161,11996.43,826.75,131.62
INV149683,2026-09-21,SKU023,C0066,973,25109.39,1689.15,252.63
INV149696,2026-09-21,SKU009,C0105,7,25684.92,3074.96,1365.2
INV149704,2026-09-21,SKU017,C0130,311,3003.32,201.07,29.65
INV149725,2026-09-21,SKU011,C0162,13,52809.17,6483.24,3334.64
INV149740,2026-09-21,SKU001,C0042,176,2486.17,155.49,24.16
INV148265,2026-09-22,SKU026,C0019,1176,17571.15,4522.27,307.45
INV148289,2026-09-22,SKU030,C0009,66,9402.28,572.3,108.89
INV148301,2026-09-22,SKU028,C0025,35,3161.87,162.43,34.39
INV148343,2026-09-22,SKU010,C0070,10,12424.43,1403.16,624.75
INV148349,2026-09-22,SKU015,C0018,175,6013.91,332.67,44.37
INV148363,2026-09-22,SKU001,C0054,89,1267.25,147.12,69.48
INV148379,2026-09-22,SKU001,C0175,102,1461.55,79.11,13.31
INV148437,2026-09-22,SKU024,C0183,46,2242.82,138.68,17.46
INV148438,2026-09-22,SKU018,C0196,147,2283.13,123.43,20.69
INV148448,2026-09-22,SKU025,C0089,134,1568.99,177.77,80.43
INV148459,2026-09-22,SKU002,C0168,543,11484.19,2478.7,255.53
INV148468,2026-09-22,SKU025,C0068,263,3210.83,739.49,59.18
INV148472,2026-09-22,SKU015,C0124,216,7359.56,454.58,85.08
INV148484,2026-09-22,SKU020,C0119,54,2227.21,305.54,84.02
INV148488,2026-09-22,SKU019,C0114,350,9663.52,543.7,97.06
INV148517,2026-09-22,SKU025,C0037,150,1832.7,207.5,112.3
INV148544,2026-09-22,SKU009,C0059,15,55087.1,3550.55,467.31
INV148558,2026-09-22,SKU003,C0125,78,1013.48,58.96,10.28
INV148562,2026-09-22,SKU004,C0050,35,692.3,38.66,6.37
INV148570,2026-09-22,SKU006,C0071,474,15203.56,2073.37,649.3
INV148596,2026-09-22,SKU006,C0145,340,11341.22,770.63,120.15
INV148602,2026-09-22,SKU010,C0043,13,15792.45,3689.34,377.61
INV148635,2026-09-22,SKU027,C0184,345,6398.42,1445.9,132.57
INV148667,2026-09-22,SKU010,C0118,27,33712.23,4005.68,1518.95
INV148702,2026-09-22,SKU022,C0007,92,6864.86,408.22,73.76
INV148729,2026-09-22,SKU028,C0196,141,12590.84,818.07,110.29
INV148755,2026-09-22,SKU026,C0045,255,4012.78,451.2,220.79
INV148784,2026-09-22,SKU005,C0196,65,2249.6,140.83,23.71
INV148792,2026-09-22,SKU002,C0095,258,5608.12,677.96,362.14
INV148794,2026-09-22,SKU019,C0163,323,9141.88,569.72,93.84
INV148848,2026-09-22,SKU015,C0144,138,4816.96,604.63,218.44
INV148887,2026-09-22,SKU019,C0180,448,12306.17,1309.71,530.34
INV148893,2026-09-22,SKU016,C0102,248,13300.72,723.9,150.47
INV148928,2026-09-22,SKU008,C0090,15,29676.73,4033.88,1780.28
INV148957,2026-09-22,SKU021,C0186,39,2308.64,280.84,110.71
INV148986,2026-09-22,SKU004,C0065,80,1593.43,82.63,12.26
INV149013,2026-09-22,SKU006,C0157,466,15282.77,981.01,154.15
INV149124,2026-09-22,SKU003,C0042,85,1069.77,56.26,12.94
INV149188,2026-09-22,SKU007,C0093,330,14832.87,866.31,154.38
INV149197,2026-09-22,SKU004,C0149,147,2909.53,156.32,21.78
INV149246,2026-09-22,SKU005,C0017,145,4910.27,317.49,53.89
INV149282,2026-09-22,SKU026,C0168,650,10199.06,2915.92,191.55
INV149336,2026-09-22,SKU019,C0152,63,1737.61,231.71,107.36
INV149337,2026-09-22,SKU026,C0007,214,3340.57,226.68,25.04
INV149355,2026-09-22,SKU024,C0030,30,1466.1,163.79,77.94
INV149376,2026-09-22,SKU001,C0047,160,2238.87,278.65,115.25
INV149385,2026-09-22,SKU001,C0128,428,6116.47,725.5,226.88
INV149391,2026-09-22,SKU022,C0040,94,6830.8,358.05,71.87
INV149396,2026-09-22,SKU017,C0083,313,3026.27,201.6,24.63
INV149410,2026-09-22,SKU002,C0173,431,9584.96,598.04,69.93
INV149425,2026-09-22,SKU002,C0131,631,14002.1,904.63,108.99
INV149447,2026-09-22,SKU006,C0132,245,7637.29,416.05,95.41
INV149463,2026-09-22,SKU019,C0148,1654,46989.56,3065.52,465.92
INV149548,2026-09-22,SKU008,C0078,14,27341.43,7639.34,484.07
INV149579,2026-09-22,SKU024,C0031,34,1679.12,217.42,105.09
INV149593,2026-09-22,SKU009,C0096,9,32630.3,4026.12,1899.7
INV149667,2026-09-22,SKU027,C0039,106,1997.02,129.76,17.16
INV149669,2026-09-22,SKU013,C0194,57,2165.38,262.96,101.75
INV149685,2026-09-22,SKU013,C0190,99,3851.11,213.22,32.56
INV149691,2026-09-22,SKU025,C0094,76,917.21,124.74,52.61
INV149717,2026-09-22,SKU005,C0166,179,6385.54,424.97,61.76
INV149724,2026-09-22,SKU018,C0180,139,2095.43,280.68,110.07
INV149731,2026-09-22,SKU004,C0003,27,531.42,65.88,30.36
INV149759,2026-09-22,SKU016,C0188,346,18002.19,1115.58,187.47
INV149761,2026-09-22,SKU014,C0185,86,5239.29,545.91,326.6
INV149766,2026-09-22,SKU003,C0027,88,1159.79,65.36,9.78
INV149767,2026-09-22,SKU004,C0017,102,1957.55,118.06,18.33
INV149770,2026-09-22,SKU016,C0005,243,12748.74,696.99,96.93
INV148276,2026-09-23,SKU003,C0076,97,1277.16,75.24,11.56
INV148325,2026-09-23,SKU006,C0053,868,28351.06,7150.13,690.3
INV148350,2026-09-23,SKU030,C0121,37,5261.33,323.92,67.28
INV148367,2026-09-23,SKU012,C0027,431,9653.57,613.41,76.47
INV148405,2026-09-23,SKU024,C0182,105,5133.9,278.34,37.69
INV148411,2026-09-23,SKU025,C0018,151,1797.77,102.73,18.62
INV148428,2026-09-23,SKU006,C0196,722,22850.16,1415.36,215.37
INV148432,2026-09-23,SKU021,C0163,129,7778.51,512.39,95.03
INV148496,2026-09-23,SKU011,C0087,12,46314.87,4933.08,2159.96
INV148525,2026-09-23,SKU004,C0025,35,681.72,46.01,5.74
INV148593,2026-09-23,SKU016,C0020,210,10848.03,1208.65,501.75
INV148605,2026-09-23,SKU014,C0074,187,11254.99,670.58,142.24
INV148616,2026-09-23,SKU018,C0057,219,3390.48,202.72,30.67
INV148649,2026-09-23,SKU017,C0177,142,1367.5,139.81,64.38
INV148657,2026-09-23,SKU003,C0179,39,494.13,53.18,19.54
INV148673,2026-09-23,SKU004,C0191,55,1055.93,60.55,12.63
INV148685,2026-09-23,SKU023,C0166,756,20024.87,1240.38,247.74
INV148696,2026-09-23,SKU012,C0081,185,4128.53,505.55,217.19
INV148705,2026-09-23,SKU002,C0007,91,1995.18,133.77,15.45
INV148760,2026-09-23,SKU008,C0103,34,66436.05,17946.52,1584.03
INV148813,2026-09-23,SKU009,C0002,10,34555.53,4576.34,1268.4
INV148859,2026-09-23,SKU002,C0189,300,6618.79,394.73,71.89
INV148866,2026-09-23,SKU019,C0042,209,5610.17,357.54,64.57
INV148902,2026-09-23,SKU008,C0136,6,12040.72,1241.89,633.78
INV148989,2026-09-23,SKU017,C0066,1281,12603.93,821.53,148.82
INV148991,2026-09-23,SKU001,C0139,220,3117.41,185.82,30.71
INV149020,2026-09-23,SKU029,C0198,101,11524.12,691.26,143.07
INV149026,2026-09-23,SKU007,C0108,604,27099.14,1596.51,293.02
INV149045,2026-09-23,SKU021,C0183,68,3954.54,237.36,49.79
INV149111,2026-09-23,SKU023,C0032,162,4332.14,239.21,40.19
INV149152,2026-09-23,SKU015,C0017,609,20650.25,1151.17,178.72
INV149161,2026-09-23,SKU003,C0036,147,1866.76,399.31,28.13
INV149167,2026-09-23,SKU014,C0067,70,4306.8,251.26,30.75
INV149189,2026-09-23,SKU012,C0173,990,22308.51,1196.74,182.83
INV149201,2026-09-23,SKU001,C0071,154,2217.21,290.73,112.87
INV149223,2026-09-23,SKU001,C0093,168,2391.02,134.94,25.24
INV149229,2026-09-23,SKU022,C0009,340,24637.38,1617.54,178.35
INV149233,2026-09-23,SKU029,C0087,79,8971.3,1170.99,349.57
INV149288,2026-09-23,SKU025,C0065,488,5740.18,371.32,73.99
INV149345,2026-09-23,SKU026,C0132,246,3829.61,241.39,37.81
INV149375,2026-09-23,SKU004,C0086,54,1042.81,287.75,17.36
INV149380,2026-09-23,SKU006,C0103,1119,36107.97,8233.71,799.61
INV149382,2026-09-23,SKU029,C0041,55,6160.8,395.11,63.42
INV149388,2026-09-23,SKU008,C0151,11,21605.57,2360.26,1351.56
INV149392,2026-09-23,SKU028,C0062,24,2187.51,270.11,97.3
INV149417,2026-09-23,SKU004,C0115,27,505.49,27.76,5.51
INV149493,2026-09-23,SKU018,C0050,125,1932.64,112.02,15.3
INV149514,2026-09-23,SKU018,C0111,24,367.5,48.12,17.33
INV149530,2026-09-23,SKU029,C0149,222,24909.03,1550.81,303.79
INV149563,2026-09-23,SKU019,C0157,281,7782.53,442.63,75.52
INV149580,2026-09-23,SKU007,C0098,167,7580.03,476.93,78.33
INV149597,2026-09-23,SKU019,C0033,117,3210.77,199.78,22.75
INV149640,2026-09-23,SKU003,C0066,264,3442.24,214.36,40.91
INV149661,2026-09-23,SKU023,C0031,61,1646.48,177.49,83.57
INV149676,2026-09-23,SKU029,C0157,53,5857.08,371.16,61.27
INV149694,2026-09-23,SKU029,C0018,72,8091.74,456.74,75.93
INV149708,2026-09-23,SKU020,C0027,250,10564.17,545.55,101.19
INV149768,2026-09-23,SKU030,C0008,108,15393.55,944.94,173.94
INV149796,2026-09-23,SKU026,C0146,365,5674.03,300.37,59.79
INV148285,2026-09-24,SKU018,C0150,187,2847.58,670.32,46.16
INV148302,2026-09-24,SKU010,C0177,7,9027.04,1147.39,532.47
INV148422,2026-09-24,SKU007,C0043,346,15224.7,4042.31,294.42
INV148445,2026-09-24,SKU012,C0179,397,8695.52,916.31,319.08
INV148453,2026-09-24,SKU024,C0094,19,938.54,125.6,35.26
INV148464,2026-09-24,SKU024,C0116,92,4512.22,240.04,57.67
INV148466,2026-09-24,SKU027,C0009,252,4589.69,296.34,53.72
INV148503,2026-09-24,SKU001,C0100,96,1396.31,77.77,13.21
INV148507,2026-09-24,SKU029,C0120,32,3605.05,369.25,130.13
INV148624,2026-09-24,SKU006,C0102,569,18406.51,997.79,222.24
INV148645,2026-09-24,SKU006,C0192,1397,44545.51,10532.84,845.6
INV148650,2026-09-24,SKU007,C0030,115,5295.08,636.85,334.18
INV148719,2026-09-24,SKU026,C0084,274,4167.05,278.44,42.87
INV148727,2026-09-24,SKU026,C0191,330,5208.15,351.02,56.79
INV148733,2026-09-24,SKU010,C0137,7,8869.45,1007.6,341.88
INV148778,2026-09-24,SKU019,C0193,324,8822.1,943.99,514.16
INV148850,2026-09-24,SKU020,C0087,110,4381.92,520.55,187.29
INV148925,2026-09-24,SKU024,C0076,53,2603.91,164.67,20.34
INV148927,2026-09-24,SKU004,C0104,9,181.59,20.67,6.52
INV148963,2026-09-24,SKU020,C0016,112,4631.83,303.43,49.75
INV149000,2026-09-24,SKU014,C0147,290,18192.73,1251.07,162.42
INV149001,2026-09-24,SKU006,C0144,278,8919.91,914.09,347.48
INV149053,2026-09-24,SKU008,C0029,8,16285.6,1949.52,762.41
INV149160,2026-09-24,SKU026,C0145,512,8013.26,550.2,62.58
INV149183,2026-09-24,SKU027,C0099,84,1572.51,96.41,11.89
INV149243,2026-09-24,SKU007,C0027,284,13152.27,788.74,138.12
INV149252,2026-09-24,SKU017,C0137,440,4339.73,546.98,178.71
INV149258,2026-09-24,SKU020,C0183,138,5718.31,305.86,49.86
INV149271,2026-09-24,SKU004,C0021,55,1075.96,122.32,54.75
INV149279,2026-09-24,SKU007,C0188,255,11799.41,603.49,99.47
INV149292,2026-09-24,SKU029,C0159,72,8215.25,2284.67,154.12
INV149310,2026-09-24,SKU030,C0077,108,15239.13,905.01,171.26
INV149318,2026-09-24,SKU027,C0119,61,1117.75,123.95,56.4
INV149326,2026-09-24,SKU012,C0056,563,12748.72,682.46,151.34
INV149339,2026-09-24,SKU013,C0163,243,9457.29,486.82,107.14
INV149342,2026-09-24,SKU020,C0112,110,4592.48,481.69,164.33
INV149358,2026-09-24,SKU025,C0047,162,1939.2,216.49,105.12
INV149372,2026-09-24,SKU028,C0004,29,2614.08,307.41,117.88
INV149393,2026-09-24,SKU020,C0198,474,19625.85,1303.47,213.26
INV149406,2026-09-24,SKU004,C0179,57,1137.61,150.29,50.32
INV149415,2026-09-24,SKU003,C0039,29,379.71,20.34,4.21
INV149459,2026-09-24,SKU027,C0146,228,4189.03,268.96,42.18
INV149462,2026-09-24,SKU019,C0144,172,4738.8,567.77,280.28
INV149489,2026-09-24,SKU010,C0004,6,6939.48,915.08,283.05
INV149490,2026-09-24,SKU023,C0068,152,4065.61,1142.32,63.2
INV149500,2026-09-24,SKU015,C0160,153,5368.26,593.65,194.98
INV149553,2026-09-24,SKU012,C0005,489,10988.34,569.11,128.23
INV149656,2026-09-24,SKU002,C0097,87,1905.98,239.32,78.78
INV149660,2026-09-24,SKU025,C0174,271,3227.02,181.35,34.53
INV149663,2026-09-24,SKU012,C0076,539,11881.15,769.24,152.7
INV149671,2026-09-24,SKU029,C0051,83,9606.54,493.58,103.27
INV149679,2026-09-24,SKU002,C0034,289,6235.08,362.85,61.65
INV149693,2026-09-24,SKU020,C0145,223,9113.36,503.86,101.67
INV149726,2026-09-24,SKU006,C0009,612,19657.66,1271.95,169.92
INV149762,2026-09-24,SKU001,C0190,53,768.78,45.74,8.38
INV149781,2026-09-24,SKU029,C0065,245,27054.89,1418.25,324.79
INV149784,2026-09-24,SKU028,C0052,79,7014.22,460.88,53.78
INV149821,2026-09-24,SKU027,C0035,136,2486.65,156.37,24.04
INV149824,2026-09-24,SKU020,C0191,399,16217.06,879.63,208.11
INV148259,2026-09-25,SKU006,C0123,303,9881.84,563.8,69.78
INV148271,2026-09-25,SKU029,C0050,63,7037.97,472.3,55.51
INV148307,2026-09-25,SKU029,C0086,89,9981.22,2757.91,219.93
INV148308,2026-09-25,SKU029,C0122,151,16976.56,1138.52,187.76
INV148310,2026-09-25,SKU002,C0174,227,4921.59,310.93,60.02
INV148326,2026-09-25,SKU020,C0081,63,2649.57,362.97,153.14
INV148358,2026-09-25,SKU020,C0073,115,4822.3,275.85,58.38
INV148396,2026-09-25,SKU005,C0177,15,524.21,64.21,20.68
INV148416,2026-09-25,SKU020,C0155,438,17746.05,1209.77,125.32
INV148500,2026-09-25,SKU022,C0017,183,13578.81,830.22,138.54
INV148512,2026-09-25,SKU025,C0115,158,1890.27,98.77,14.8
INV148522,2026-09-25,SKU004,C0162,20,401.01,42.67,19.73
INV148573,2026-09-25,SKU006,C0182,386,12846.02,786.28,149.48
INV148585,2026-09-25,SKU030,C0074,39,5557.92,360.38,66.63
INV148598,2026-09-25,SKU016,C0041,111,5749.82,375.36,66.74
INV148623,2026-09-25,SKU008,C0081,5,10383.15,1079.44,428.52
INV148634,2026-09-25,SKU009,C0021,15,54548.8,7441.61,3276.74
INV148751,2026-09-25,SKU003,C0165,24,306.47,20.72,3.38
INV148780,2026-09-25,SKU007,C0013,202,9048.07,1229.46,567.15
INV148804,2026-09-25,SKU003,C0046,38,502.81,68.19,23.46
INV148809,2026-09-25,SKU002,C0147,438,9744.11,660.08,73.66
INV148846,2026-09-25,SKU022,C0119,85,6254.46,850.65,340.86
INV148863,2026-09-25,SKU003,C0071,48,608.85,73.62,26.06
INV148865,2026-09-25,SKU001,C0051,290,4025.91,228.22,34.43
INV148909,2026-09-25,SKU017,C0102,519,5193.18,297.0,65.77
INV148918,2026-09-25,SKU019,C0151,199,5429.22,671.33,320.81
INV148921,2026-09-25,SKU020,C0084,188,7868.09,487.92,64.64
INV148949,2026-09-25,SKU020,C0124,178,7328.5,458.2,91.26
INV149021,2026-09-25,SKU004,C0159,50,968.98,258.74,21.01
INV149067,2026-09-25,SKU021,C0179,75,4438.84,541.86,237.93
INV149104,2026-09-25,SKU007,C0125,248,10973.85,683.15,102.69
INV149116,2026-09-25,SKU014,C0114,109,6785.59,419.39,87.61
INV149123,2026-09-25,SKU007,C0002,125,5705.16,625.94,276.63
INV149139,2026-09-25,SKU012,C0198,678,15238.43,1049.32,140.47
INV149186,2026-09-25,SKU008,C0064,19,36697.24,2092.16,375.58
INV149239,2026-09-25,SKU005,C0132,28,979.17,67.22,11.26
INV149325,2026-09-25,SKU003,C0106,44,583.41,34.99,7.14
INV149369,2026-09-25,SKU018,C0173,405,6388.28,428.63,47.04
INV149427,2026-09-25,SKU021,C0111,52,3104.5,342.7,130.9
INV149455,2026-09-25,SKU002,C0006,507,11155.52,636.26,108.14
INV149476,2026-09-25,SKU012,C0163,358,8108.91,545.43,93.8
INV149495,2026-09-25,SKU025,C0164,256,3077.88,171.68,23.98
INV149501,2026-09-25,SKU012,C0086,433,9775.6,2395.24,189.96
INV149573,2026-09-25,SKU022,C0051,220,16673.62,1047.6,214.25
INV149578,2026-09-25,SKU018,C0175,76,1155.89,63.37,14.55
INV149598,2026-09-25,SKU027,C0048,92,1691.14,110.06,16.8
INV149618,2026-09-25,SKU016,C0155,482,25774.84,1570.51,325.34
INV149642,2026-09-25,SKU004,C0092,83,1601.69,106.28,14.51
INV149652,2026-09-25,SKU005,C0198,100,3505.5,184.1,24.79
INV149709,2026-09-25,SKU005,C0027,38,1300.88,75.5,9.87
INV149719,2026-09-25,SKU004,C0029,54,1052.48,107.48,40.46
INV149736,2026-09-25,SKU020,C0042,132,5442.36,362.94,55.42
INV149786,2026-09-25,SKU025,C0123,173,2051.6,127.01,16.14
INV148268,2026-09-26,SKU017,C0197,630,6098.29,330.99,56.8
INV148269,2026-09-26,SKU028,C0091,102,9472.53,615.42,103.32
INV148270,2026-09-26,SKU028,C0102,83,7308.5,410.66,61.28
INV148273,2026-09-26,SKU002,C0025,100,2166.87,130.83,25.6
INV148280,2026-09-26,SKU017,C0030,307,3012.32,409.41,129.52
INV148309,2026-09-26,SKU005,C0044,32,1146.08,135.45,42.9
INV148315,2026-09-26,SKU021,C0040,41,2382.58,135.27,22.65
INV148316,2026-09-26,SKU019,C0164,381,10491.19,701.98,91.39
INV148401,2026-09-26,SKU018,C0131,559,8714.86,458.07,71.14
INV148439,2026-09-26,SKU002,C0171,215,4615.88,501.63,293.94
INV148462,2026-09-26,SKU029,C0108,197,22378.32,1389.57,163.83
INV148549,2026-09-26,SKU007,C0039,116,5274.24,285.54,49.32
INV148554,2026-09-26,SKU027,C0157,98,1789.63,93.71,16.56
INV148594,2026-09-26,SKU001,C0107,182,2547.06,173.9,22.83
INV148597,2026-09-26,SKU013,C0001,74,2855.39,336.24,163.07
INV148613,2026-09-26,SKU008,C0120,9,17786.29,2068.96,639.0
INV148620,2026-09-26,SKU024,C0165,31,1515.53,103.94,11.97
INV148722,2026-09-26,SKU021,C0054,30,1804.22,206.45,89.58
INV148765,2026-09-26,SKU018,C0064,275,4234.62,276.06,46.0
INV148843,2026-09-26,SKU006,C0046,174,5694.78,666.36,283.95
INV148890,2026-09-26,SKU027,C0068,148,2731.11,701.18,50.4
INV148958,2026-09-26,SKU027,C0073,155,2860.79,193.91,32.26
INV149022,2026-09-26,SKU015,C0086,225,7805.86,1961.92,117.46
INV149024,2026-09-26,SKU017,C0067,232,2288.3,140.13,20.54
INV149057,2026-09-26,SKU014,C0086,280,17267.17,4023.37,418.66
INV149073,2026-09-26,SKU013,C0018,186,7164.44,476.93,73.3
INV149081,2026-09-26,SKU006,C0152,123,3960.06,537.75,190.21
INV149094,2026-09-26,SKU025,C0161,497,6021.11,626.88,332.47
INV149106,2026-09-26,SKU007,C0006,556,25704.64,1768.74,192.98
INV149125,2026-09-26,SKU007,C0182,255,11402.4,716.14,91.02
INV149150,2026-09-26,SKU019,C0175,281,7824.17,527.02,80.85
INV149184,2026-09-26,SKU020,C0184,212,8597.91,2133.13,177.89
INV149244,2026-09-26,SKU009,C0095,22,79456.45,8873.71,4444.72
INV149254,2026-09-26,SKU016,C0016,142,7546.44,406.31,96.25
INV149266,2026-09-26,SKU024,C0008,113,5465.94,372.75,48.99
INV149272,2026-09-26,SKU028,C0148,207,18396.54,1191.13,218.05
INV149276,2026-09-26,SKU029,C0076,87,9545.29,602.56,114.55
INV149285,2026-09-26,SKU024,C0028,125,6089.45,1432.58,114.93
INV149306,2026-09-26,SKU005,C0161,69,2352.09,254.89,99.53
INV149395,2026-09-26,SKU021,C0100,73,4284.19,249.33,35.12
INV149453,2026-09-26,SKU020,C0085,334,13974.11,782.64,163.62
INV149466,2026-09-26,SKU019,C0145,537,14512.0,806.12,176.12
INV149567,2026-09-26,SKU021,C0033,51,2979.49,200.59,23.98
INV149728,2026-09-26,SKU022,C0125,111,8211.55,554.8,65.3
INV149758,2026-09-26,SKU010,C0104,3,4008.8,450.11,249.21
INV149760,2026-09-26,SKU018,C0143,124,1826.57,189.17,117.39
INV149765,2026-09-26,SKU026,C0189,372,5815.17,347.86,48.42
INV149811,2026-09-26,SKU025,C0032,192,2222.23,138.8,22.13
INV148260,2026-09-27,SKU026,C0003,146,2266.04,256.6,96.71
INV148290,2026-09-27,SKU007,C0061,154,7101.94,733.9,307.89
INV148333,2026-09-27,SKU025,C0111,111,1306.31,134.99,79.67
INV148347,2026-09-27,SKU003,C0092,82,1072.57,61.45,9.75
INV148390,2026-09-27,SKU028,C0071,67,5971.48,738.67,255.86
INV148408,2026-09-27,SKU016,C0009,159,8185.74,548.35,101.06
INV148497,2026-09-27,SKU014,C0021,135,8146.36,849.18,295.26
INV148530,2026-09-27,SKU020,C0180,211,8726.6,1166.04,368.59
INV148536,2026-09-27,SKU016,C0093,626,32615.3,2061.54,284.61
INV148540,2026-09-27,SKU004,C0045,29,566.84,71.09,33.85
INV148569,2026-09-27,SKU017,C0133,427,4291.6,219.15,46.77
INV148583,2026-09-27,SKU024,C0145,121,5974.53,393.85,65.38
INV148621,2026-09-27,SKU015,C0116,219,7772.81,438.65,63.85
INV148641,2026-09-27,SKU015,C0073,179,6122.21,312.81,70.17
INV148720,2026-09-27,SKU024,C0108,139,6865.47,350.75,63.14
INV148743,2026-09-27,SKU028,C0041,63,5577.78,366.52,58.06
INV148747,2026-09-27,SKU009,C0127,7,25379.96,2965.93,1365.74
INV148756,2026-09-27,SKU015,C0009,171,5882.8,340.56,53.81
INV148771,2026-09-27,SKU024,C0177,27,1329.77,175.46,76.91
INV148791,2026-09-27,SKU010,C0117,26,31838.07,7577.32,700.0
INV148810,2026-09-27,SKU020,C0174,351,14544.43,796.02,106.65
INV148853,2026-09-27,SKU003,C0166,101,1325.84,85.92,13.98
INV148916,2026-09-27,SKU003,C0103,181,2308.68,579.19,52.98
INV148954,2026-09-27,SKU030,C0115,54,7417.36,511.24,73.43
INV148965,2026-09-27,SKU025,C0038,112,1375.42,176.71,85.82
INV148970,2026-09-27,SKU016,C0099,321,17024.02,1068.27,130.15
INV148997,2026-09-27,SKU013,C0012,130,5044.59,584.78,292.53
INV148999,2026-09-27,SKU030,C0159,59,8438.62,2252.23,208.98
INV149076,2026-09-27,SKU018,C0048,52,781.31,48.92,5.94
INV149102,2026-09-27,SKU003,C0167,44,558.61,29.57,6.38
INV149145,2026-09-27,SKU025,C0042,211,2519.8,150.84,18.5
INV149182,2026-09-27,SKU030,C0058,100,13846.69,782.51,108.33
INV149212,2026-09-27,SKU010,C0134,70,85923.59,22511.78,1232.17
INV149220,2026-09-27,SKU023,C0131,902,23901.52,1550.4,237.81
INV149304,2026-09-27,SKU024,C0035,147,7229.95,395.78,68.0
INV149353,2026-09-27,SKU005,C0014,39,1404.79,73.13,12.59
INV149389,2026-09-27,SKU017,C0164,274,2647.81,155.94,28.13
INV149435,2026-09-27,SKU028,C0048,47,4139.01,238.44,48.01
INV149464,2026-09-27,SKU026,C0152,100,1533.46,178.34,99.31
INV149471,2026-09-27,SKU023,C0060,346,9258.78,2145.83,183.04
INV149479,2026-09-27,SKU015,C0132,154,5286.75,283.52,39.1
INV149492,2026-09-27,SKU003,C0072,27,356.42,42.74,18.49
INV149529,2026-09-27,SKU011,C0192,47,191122.25,52392.18,3595.67
INV149532,2026-09-27,SKU003,C0013,38,480.13,57.68,19.64
INV149602,2026-09-27,SKU021,C0096,48,2817.04,334.64,115.4
INV149615,2026-09-27,SKU015,C0067,171,6015.38,412.69,54.34
INV149700,2026-09-27,SKU020,C0108,306,12796.87,758.3,109.58
INV149706,2026-09-27,SKU005,C0135,44,1508.82,197.82,96.04
INV149730,2026-09-27,SKU021,C0073,30,1782.68,117.82,16.07
INV149754,2026-09-27,SKU002,C0129,125,2748.26,159.77,35.54
INV149772,2026-09-27,SKU026,C0119,139,2137.04,286.06,112.54
INV149793,2026-09-27,SKU029,C0156,86,9518.95,565.09,78.13
INV148287,2026-09-28,SKU020,C0096,161,6458.24,778.69,303.22
INV148292,2026-09-28,SKU005,C0040,37,1299.29,84.78,9.21
INV148294,2026-09-28,SKU004,C0011,43,842.39,115.85,44.63
INV148298,2026-09-28,SKU019,C0072,177,4815.6,643.56,226.28
INV148303,2026-09-28,SKU009,C0166,56,204392.28,12964.82,2436.71
INV148305,2026-09-28,SKU023,C0028,436,11679.23,2613.94,293.33
INV148442,2026-09-28,SKU024,C0158,85,4213.84,224.85,32.64
INV148454,2026-09-28,SKU016,C0190,68,3577.27,243.06,35.55
INV148487,2026-09-28,SKU007,C0175,361,15882.36,1043.81,113.29
INV148493,2026-09-28,SKU015,C0051,239,8396.01,462.16,97.98
INV148592,2026-09-28,SKU016,C0034,299,15439.52,856.44,128.13
INV148627,2026-09-28,SKU007,C0153,329,14423.05,1822.46,825.33
INV148643,2026-09-28,SKU025,C0182,164,1924.61,117.26,22.96
INV148652,2026-09-28,SKU016,C0196,311,15880.3,936.57,152.66
INV148659,2026-09-28,SKU026,C0123,229,3611.78,248.95,30.02
INV148668,2026-09-28,SKU016,C0004,72,3748.5,467.55,232.71
INV148675,2026-09-28,SKU027,C0026,111,2024.27,124.26,23.75
INV148713,2026-09-28,SKU003,C0181,102,1304.78,77.0,14.19
INV148752,2026-09-28,SKU004,C0072,24,474.02,59.69,20.38
INV148763,2026-09-28,SKU017,C0110,252,2477.59,296.44,90.0
INV148768,2026-09-28,SKU019,C0010,306,8240.3,958.53,404.57
INV148802,2026-09-28,SKU020,C0147,353,14611.15,987.65,165.17
INV148838,2026-09-28,SKU009,C0171,18,67141.23,7048.9,3281.73
INV148867,2026-09-28,SKU003,C0107,33,424.09,27.55,5.08
INV148880,2026-09-28,SKU009,C0113,21,78275.13,9221.86,2764.71
INV148931,2026-09-28,SKU030,C0053,117,16759.01,4646.37,334.61
INV148979,2026-09-28,SKU003,C0150,180,2348.01,594.88,51.83
INV148983,2026-09-28,SKU022,C0082,170,12706.71,1483.11,580.1
INV149010,2026-09-28,SKU006,C0068,288,9401.1,2339.88,155.48
INV149072,2026-09-28,SKU026,C0128,542,8338.36,918.74,425.72
INV149074,2026-09-28,SKU002,C0175,271,5892.45,356.08,67.98
INV149077,2026-09-28,SKU011,C0061,21,87764.26,11427.83,5680.74
INV149118,2026-09-28,SKU026,C0105,121,1883.47,241.91,107.36
INV149136,2026-09-28,SKU016,C0017,320,16569.26,1097.6,213.97
INV149196,2026-09-28,SKU018,C0100,158,2406.87,130.57,23.77
INV149198,2026-09-28,SKU007,C0168,270,12101.42,3456.04,276.19
INV149219,2026-09-28,SKU005,C0106,24,842.28,46.06,8.63
INV149284,2026-09-28,SKU021,C0112,50,2902.46,342.58,183.63
INV149374,2026-09-28,SKU015,C0031,131,4663.49,497.69,238.78
INV149404,2026-09-28,SKU026,C0181,336,5373.14,277.93,58.51
INV149411,2026-09-28,SKU015,C0187,126,4435.03,504.96,237.97
INV149429,2026-09-28,SKU015,C0126,279,9798.58,2300.45,173.71
INV149440,2026-09-28,SKU026,C0064,322,5063.31,260.61,52.62
INV149442,2026-09-28,SKU014,C0020,301,18767.19,2581.79,745.14
INV149494,2026-09-28,SKU016,C0157,190,10305.86,640.47,106.59
INV149498,2026-09-28,SKU025,C0019,230,2775.62,699.22,45.24
INV149505,2026-09-28,SKU027,C0194,64,1152.77,138.09,64.1
INV149546,2026-09-28,SKU005,C0034,44,1499.09,89.71,13.09
INV149574,2026-09-28,SKU008,C0193,3,6911.98,799.47,288.96
INV149616,2026-09-28,SKU027,C0036,266,4878.2,1143.25,91.37
INV149622,2026-09-28,SKU011,C0170,10,40168.7,4463.33,1646.08
INV149648,2026-09-28,SKU008,C0069,5,9179.09,990.97,339.26
INV149678,2026-09-28,SKU022,C0035,271,20518.14,1180.67,180.32
INV149682,2026-09-28,SKU011,C0090,27,108288.49,11072.78,5403.8
INV149785,2026-09-28,SKU019,C0077,387,10598.13,633.12,90.1
INV149820,2026-09-28,SKU021,C0034,143,8473.87,436.77,103.09
